Lane,Sample_ID,Sample_Name,Sample_Plate,Sample_Well,Index_Plate_Well,I7_Index_ID,index,I5_Index_ID,index2,Sample_Project,Description,Email,Type
1,P1_Foc_B2_seqwellB01_G70_P1C04,P1_Foc_B2_seqwellB01_G70_P1C04,,,,,TAAGGCGA,,CTCTCTAT,VLTE_QP_tetp3,SUB09310,milo.s.johnson.13@gmail.com,genomic
1,P1_Foc_B2_seqwellC01_G70_P1G04,P1_Foc_B2_seqwellC01_G70_P1G04,,,,,TAAGGCGA,,TATCCTCT,VLTE_QP_tetp3,SUB09310,milo.s.johnson.13@gmail.com,genomic
1,P1_Foc_B2_seqwellD01_G70_P1C06,P1_Foc_B2_seqwellD01_G70_P1C06,,,,,TAAGGCGA,,AGAGTAGA,VLTE_QP_tetp3,SUB09310,milo.s.johnson.13@gmail.com,genomic
1,P1_Foc_B2_seqwellE01_G70_P1E04,P1_Foc_B2_seqwellE01_G70_P1E04,,,,,TAAGGCGA,,GTAAGGAG,VLTE_QP_tetp3,SUB09310,milo.s.johnson.13@gmail.com,genomic
1,P1_Foc_B2_seqwellF01_G70_P1B03,P1_Foc_B2_seqwellF01_G70_P1B03,,,,,TAAGGCGA,,ACTGCATA,VLTE_QP_tetp3,SUB09310,milo.s.johnson.13@gmail.com,genomic
1,P1_Foc_B2_seqwellG01_G70_P1B04,P1_Foc_B2_seqwellG01_G70_P1B04,,,,,TAAGGCGA,,AAGGAGTA,VLTE_QP_tetp3,SUB09310,milo.s.johnson.13@gmail.com,genomic
1,P1_Foc_B2_seqwellA02_G70_P1C02,P1_Foc_B2_seqwellA02_G70_P1C02,,,,,CGTACTAG,,TAGATCGC,VLTE_QP_tetp3,SUB09310,milo.s.johnson.13@gmail.com,genomic
1,P1_Foc_B2_seqwellB02_G70_P1G05,P1_Foc_B2_seqwellB02_G70_P1G05,,,,,CGTACTAG,,CTCTCTAT,VLTE_QP_tetp3,SUB09310,milo.s.johnson.13@gmail.com,genomic
1,P1_Foc_B2_seqwellC02_G70_P1B02,P1_Foc_B2_seqwellC02_G70_P1B02,,,,,CGTACTAG,,TATCCTCT,VLTE_QP_tetp3,SUB09310,milo.s.johnson.13@gmail.com,genomic
1,P1_Foc_B2_seqwellD02_G70_P1C05,P1_Foc_B2_seqwellD02_G70_P1C05,,,,,CGTACTAG,,AGAGTAGA,VLTE_QP_tetp3,SUB09310,milo.s.johnson.13@gmail.com,genomic
1,P1_Foc_B2_seqwellE02_G70_P1D03,P1_Foc_B2_seqwellE02_G70_P1D03,,,,,CGTACTAG,,GTAAGGAG,VLTE_QP_tetp3,SUB09310,milo.s.johnson.13@gmail.com,genomic
1,P1_Foc_B2_seqwellF02_G70_P1F05,P1_Foc_B2_seqwellF02_G70_P1F05,,,,,CGTACTAG,,ACTGCATA,VLTE_QP_tetp3,SUB09310,milo.s.johnson.13@gmail.com,genomic
1,P1_Foc_B2_seqwellG02_G70_P1B11,P1_Foc_B2_seqwellG02_G70_P1B11,,,,,CGTACTAG,,AAGGAGTA,VLTE_QP_tetp3,SUB09310,milo.s.johnson.13@gmail.com,genomic
1,P1_Foc_B2_seqwellH02_G70_P1C11,P1_Foc_B2_seqwellH02_G70_P1C11,,,,,CGTACTAG,,CTAAGCCT,VLTE_QP_tetp3,SUB09310,milo.s.johnson.13@gmail.com,genomic
1,P1_Foc_B2_seqwellA03_G70_P1E11,P1_Foc_B2_seqwellA03_G70_P1E11,,,,,AGGCAGAA,,TAGATCGC,VLTE_QP_tetp3,SUB09310,milo.s.johnson.13@gmail.com,genomic
1,P1_Foc_B2_seqwellB03_G70_P1F11,P1_Foc_B2_seqwellB03_G70_P1F11,,,,,AGGCAGAA,,CTCTCTAT,VLTE_QP_tetp3,SUB09310,milo.s.johnson.13@gmail.com,genomic
1,P1_Foc_B2_seqwellC03_G70_P1G11,P1_Foc_B2_seqwellC03_G70_P1G11,,,,,AGGCAGAA,,TATCCTCT,VLTE_QP_tetp3,SUB09310,milo.s.johnson.13@gmail.com,genomic
1,P1_Foc_B2_seqwellD03_G70_P1H11,P1_Foc_B2_seqwellD03_G70_P1H11,,,,,AGGCAGAA,,AGAGTAGA,VLTE_QP_tetp3,SUB09310,milo.s.johnson.13@gmail.com,genomic
1,P1_Foc_B2_seqwellE03_G70_P1E09,P1_Foc_B2_seqwellE03_G70_P1E09,,,,,AGGCAGAA,,GTAAGGAG,VLTE_QP_tetp3,SUB09310,milo.s.johnson.13@gmail.com,genomic
1,P1_Foc_B2_seqwellF03_G70_P1B07,P1_Foc_B2_seqwellF03_G70_P1B07,,,,,AGGCAGAA,,ACTGCATA,VLTE_QP_tetp3,SUB09310,milo.s.johnson.13@gmail.com,genomic
1,P1_Foc_B2_seqwellG03_G70_P1C07,P1_Foc_B2_seqwellG03_G70_P1C07,,,,,AGGCAGAA,,AAGGAGTA,VLTE_QP_tetp3,SUB09310,milo.s.johnson.13@gmail.com,genomic
1,P1_Foc_B2_seqwellH03_G70_P1G09,P1_Foc_B2_seqwellH03_G70_P1G09,,,,,AGGCAGAA,,CTAAGCCT,VLTE_QP_tetp3,SUB09310,milo.s.johnson.13@gmail.com,genomic
1,P1_Foc_B2_seqwellA04_G70_P1G10,P1_Foc_B2_seqwellA04_G70_P1G10,,,,,TCCTGAGC,,TAGATCGC,VLTE_QP_tetp3,SUB09310,milo.s.johnson.13@gmail.com,genomic
1,P1_Foc_B2_seqwellB04_G70_P1F07,P1_Foc_B2_seqwellB04_G70_P1F07,,,,,TCCTGAGC,,CTCTCTAT,VLTE_QP_tetp3,SUB09310,milo.s.johnson.13@gmail.com,genomic
1,P1_Foc_B2_seqwellC04_G70_P1C09,P1_Foc_B2_seqwellC04_G70_P1C09,,,,,TCCTGAGC,,TATCCTCT,VLTE_QP_tetp3,SUB09310,milo.s.johnson.13@gmail.com,genomic
1,P1_Foc_B2_seqwellD04_G70_P1F08,P1_Foc_B2_seqwellD04_G70_P1F08,,,,,TCCTGAGC,,AGAGTAGA,VLTE_QP_tetp3,SUB09310,milo.s.johnson.13@gmail.com,genomic
1,P1_Foc_B2_seqwellE04_G70_P1D09,P1_Foc_B2_seqwellE04_G70_P1D09,,,,,TCCTGAGC,,GTAAGGAG,VLTE_QP_tetp3,SUB09310,milo.s.johnson.13@gmail.com,genomic
1,P1_Foc_B2_seqwellF04_G70_P1C08,P1_Foc_B2_seqwellF04_G70_P1C08,,,,,TCCTGAGC,,ACTGCATA,VLTE_QP_tetp3,SUB09310,milo.s.johnson.13@gmail.com,genomic
1,P1_Foc_B2_seqwellG04_G70_P1F10,P1_Foc_B2_seqwellG04_G70_P1F10,,,,,TCCTGAGC,,AAGGAGTA,VLTE_QP_tetp3,SUB09310,milo.s.johnson.13@gmail.com,genomic
1,P1_Foc_B2_seqwellH04_G70_P1G08,P1_Foc_B2_seqwellH04_G70_P1G08,,,,,TCCTGAGC,,CTAAGCCT,VLTE_QP_tetp3,SUB09310,milo.s.johnson.13@gmail.com,genomic
1,P1_Foc_B2_seqwellB05_G2640_P1C04,P1_Foc_B2_seqwellB05_G2640_P1C04,,,,,GGACTCCT,,CTCTCTAT,VLTE_QP_tetp3,SUB09310,milo.s.johnson.13@gmail.com,genomic
1,P1_Foc_B2_seqwellC05_G2640_P1G04,P1_Foc_B2_seqwellC05_G2640_P1G04,,,,,GGACTCCT,,TATCCTCT,VLTE_QP_tetp3,SUB09310,milo.s.johnson.13@gmail.com,genomic
1,P1_Foc_B2_seqwellD05_G2640_P1C06,P1_Foc_B2_seqwellD05_G2640_P1C06,,,,,GGACTCCT,,AGAGTAGA,VLTE_QP_tetp3,SUB09310,milo.s.johnson.13@gmail.com,genomic
1,P1_Foc_B2_seqwellE05_G2640_P1E04,P1_Foc_B2_seqwellE05_G2640_P1E04,,,,,GGACTCCT,,GTAAGGAG,VLTE_QP_tetp3,SUB09310,milo.s.johnson.13@gmail.com,genomic
1,P1_Foc_B2_seqwellF05_G2640_P1B03,P1_Foc_B2_seqwellF05_G2640_P1B03,,,,,GGACTCCT,,ACTGCATA,VLTE_QP_tetp3,SUB09310,milo.s.johnson.13@gmail.com,genomic
1,P1_Foc_B2_seqwellG05_G2640_P1B04,P1_Foc_B2_seqwellG05_G2640_P1B04,,,,,GGACTCCT,,AAGGAGTA,VLTE_QP_tetp3,SUB09310,milo.s.johnson.13@gmail.com,genomic
1,P1_Foc_B2_seqwellA06_G2640_P1C02,P1_Foc_B2_seqwellA06_G2640_P1C02,,,,,TAGGCATG,,TAGATCGC,VLTE_QP_tetp3,SUB09310,milo.s.johnson.13@gmail.com,genomic
1,P1_Foc_B2_seqwellB06_G2640_P1G05,P1_Foc_B2_seqwellB06_G2640_P1G05,,,,,TAGGCATG,,CTCTCTAT,VLTE_QP_tetp3,SUB09310,milo.s.johnson.13@gmail.com,genomic
1,P1_Foc_B2_seqwellC06_G2640_P1B02,P1_Foc_B2_seqwellC06_G2640_P1B02,,,,,TAGGCATG,,TATCCTCT,VLTE_QP_tetp3,SUB09310,milo.s.johnson.13@gmail.com,genomic
1,P1_Foc_B2_seqwellD06_G2640_P1C05,P1_Foc_B2_seqwellD06_G2640_P1C05,,,,,TAGGCATG,,AGAGTAGA,VLTE_QP_tetp3,SUB09310,milo.s.johnson.13@gmail.com,genomic
1,P1_Foc_B2_seqwellE06_G2640_P1D03,P1_Foc_B2_seqwellE06_G2640_P1D03,,,,,TAGGCATG,,GTAAGGAG,VLTE_QP_tetp3,SUB09310,milo.s.johnson.13@gmail.com,genomic
1,P1_Foc_B2_seqwellF06_G2640_P1F05,P1_Foc_B2_seqwellF06_G2640_P1F05,,,,,TAGGCATG,,ACTGCATA,VLTE_QP_tetp3,SUB09310,milo.s.johnson.13@gmail.com,genomic
1,P1_Foc_B2_seqwellG06_G2640_P1B11,P1_Foc_B2_seqwellG06_G2640_P1B11,,,,,TAGGCATG,,AAGGAGTA,VLTE_QP_tetp3,SUB09310,milo.s.johnson.13@gmail.com,genomic
1,P1_Foc_B2_seqwellH06_G2640_P1C11,P1_Foc_B2_seqwellH06_G2640_P1C11,,,,,TAGGCATG,,CTAAGCCT,VLTE_QP_tetp3,SUB09310,milo.s.johnson.13@gmail.com,genomic
1,P1_Foc_B2_seqwellA07_G2640_P1E11,P1_Foc_B2_seqwellA07_G2640_P1E11,,,,,CTCTCTAC,,TAGATCGC,VLTE_QP_tetp3,SUB09310,milo.s.johnson.13@gmail.com,genomic
1,P1_Foc_B2_seqwellB07_G2640_P1F11,P1_Foc_B2_seqwellB07_G2640_P1F11,,,,,CTCTCTAC,,CTCTCTAT,VLTE_QP_tetp3,SUB09310,milo.s.johnson.13@gmail.com,genomic
1,P1_Foc_B2_seqwellC07_G2640_P1G11,P1_Foc_B2_seqwellC07_G2640_P1G11,,,,,CTCTCTAC,,TATCCTCT,VLTE_QP_tetp3,SUB09310,milo.s.johnson.13@gmail.com,genomic
1,P1_Foc_B2_seqwellD07_G2640_P1H11,P1_Foc_B2_seqwellD07_G2640_P1H11,,,,,CTCTCTAC,,AGAGTAGA,VLTE_QP_tetp3,SUB09310,milo.s.johnson.13@gmail.com,genomic
1,P1_Foc_B2_seqwellE07_G2640_P1E09,P1_Foc_B2_seqwellE07_G2640_P1E09,,,,,CTCTCTAC,,GTAAGGAG,VLTE_QP_tetp3,SUB09310,milo.s.johnson.13@gmail.com,genomic
1,P1_Foc_B2_seqwellF07_G2640_P1B07,P1_Foc_B2_seqwellF07_G2640_P1B07,,,,,CTCTCTAC,,ACTGCATA,VLTE_QP_tetp3,SUB09310,milo.s.johnson.13@gmail.com,genomic
1,P1_Foc_B2_seqwellG07_G2640_P1C07,P1_Foc_B2_seqwellG07_G2640_P1C07,,,,,CTCTCTAC,,AAGGAGTA,VLTE_QP_tetp3,SUB09310,milo.s.johnson.13@gmail.com,genomic
1,P1_Foc_B2_seqwellH07_G2640_P1G09,P1_Foc_B2_seqwellH07_G2640_P1G09,,,,,CTCTCTAC,,CTAAGCCT,VLTE_QP_tetp3,SUB09310,milo.s.johnson.13@gmail.com,genomic
1,P1_Foc_B2_seqwellA08_G2640_P1G10,P1_Foc_B2_seqwellA08_G2640_P1G10,,,,,CAGAGAGG,,TAGATCGC,VLTE_QP_tetp3,SUB09310,milo.s.johnson.13@gmail.com,genomic
1,P1_Foc_B2_seqwellB08_G2640_P1F07,P1_Foc_B2_seqwellB08_G2640_P1F07,,,,,CAGAGAGG,,CTCTCTAT,VLTE_QP_tetp3,SUB09310,milo.s.johnson.13@gmail.com,genomic
1,P1_Foc_B2_seqwellC08_G2640_P1C09,P1_Foc_B2_seqwellC08_G2640_P1C09,,,,,CAGAGAGG,,TATCCTCT,VLTE_QP_tetp3,SUB09310,milo.s.johnson.13@gmail.com,genomic
1,P1_Foc_B2_seqwellD08_G2640_P1F08,P1_Foc_B2_seqwellD08_G2640_P1F08,,,,,CAGAGAGG,,AGAGTAGA,VLTE_QP_tetp3,SUB09310,milo.s.johnson.13@gmail.com,genomic
1,P1_Foc_B2_seqwellE08_G2640_P1D09,P1_Foc_B2_seqwellE08_G2640_P1D09,,,,,CAGAGAGG,,GTAAGGAG,VLTE_QP_tetp3,SUB09310,milo.s.johnson.13@gmail.com,genomic
1,P1_Foc_B2_seqwellF08_G2640_P1C08,P1_Foc_B2_seqwellF08_G2640_P1C08,,,,,CAGAGAGG,,ACTGCATA,VLTE_QP_tetp3,SUB09310,milo.s.johnson.13@gmail.com,genomic
1,P1_Foc_B2_seqwellG08_G2640_P1F10,P1_Foc_B2_seqwellG08_G2640_P1F10,,,,,CAGAGAGG,,AAGGAGTA,VLTE_QP_tetp3,SUB09310,milo.s.johnson.13@gmail.com,genomic
1,P1_Foc_B2_seqwellH08_G2640_P1G08,P1_Foc_B2_seqwellH08_G2640_P1G08,,,,,CAGAGAGG,,CTAAGCCT,VLTE_QP_tetp3,SUB09310,milo.s.johnson.13@gmail.com,genomic
1,P1_Foc_B2_seqwellB09_G7530_P1C04,P1_Foc_B2_seqwellB09_G7530_P1C04,,,,,GCTACGCT,,CTCTCTAT,VLTE_QP_tetp3,SUB09310,milo.s.johnson.13@gmail.com,genomic
1,P1_Foc_B2_seqwellC09_G7530_P1G04,P1_Foc_B2_seqwellC09_G7530_P1G04,,,,,GCTACGCT,,TATCCTCT,VLTE_QP_tetp3,SUB09310,milo.s.johnson.13@gmail.com,genomic
1,P1_Foc_B2_seqwellD09_G7530_P1C06,P1_Foc_B2_seqwellD09_G7530_P1C06,,,,,GCTACGCT,,AGAGTAGA,VLTE_QP_tetp3,SUB09310,milo.s.johnson.13@gmail.com,genomic
1,P1_Foc_B2_seqwellE09_G7530_P1E04,P1_Foc_B2_seqwellE09_G7530_P1E04,,,,,GCTACGCT,,GTAAGGAG,VLTE_QP_tetp3,SUB09310,milo.s.johnson.13@gmail.com,genomic
1,P1_Foc_B2_seqwellF09_G7530_P1B03,P1_Foc_B2_seqwellF09_G7530_P1B03,,,,,GCTACGCT,,ACTGCATA,VLTE_QP_tetp3,SUB09310,milo.s.johnson.13@gmail.com,genomic
1,P1_Foc_B2_seqwellG09_G7530_P1B04,P1_Foc_B2_seqwellG09_G7530_P1B04,,,,,GCTACGCT,,AAGGAGTA,VLTE_QP_tetp3,SUB09310,milo.s.johnson.13@gmail.com,genomic
1,P1_Foc_B2_seqwellA10_G7530_P1C02,P1_Foc_B2_seqwellA10_G7530_P1C02,,,,,CGAGGCTG,,TAGATCGC,VLTE_QP_tetp3,SUB09310,milo.s.johnson.13@gmail.com,genomic
1,P1_Foc_B2_seqwellB10_G7530_P1G05,P1_Foc_B2_seqwellB10_G7530_P1G05,,,,,CGAGGCTG,,CTCTCTAT,VLTE_QP_tetp3,SUB09310,milo.s.johnson.13@gmail.com,genomic
1,P1_Foc_B2_seqwellC10_G7530_P1B02,P1_Foc_B2_seqwellC10_G7530_P1B02,,,,,CGAGGCTG,,TATCCTCT,VLTE_QP_tetp3,SUB09310,milo.s.johnson.13@gmail.com,genomic
1,P1_Foc_B2_seqwellD10_G7530_P1C05,P1_Foc_B2_seqwellD10_G7530_P1C05,,,,,CGAGGCTG,,AGAGTAGA,VLTE_QP_tetp3,SUB09310,milo.s.johnson.13@gmail.com,genomic
1,P1_Foc_B2_seqwellE10_G7530_P1D03,P1_Foc_B2_seqwellE10_G7530_P1D03,,,,,CGAGGCTG,,GTAAGGAG,VLTE_QP_tetp3,SUB09310,milo.s.johnson.13@gmail.com,genomic
1,P1_Foc_B2_seqwellF10_G7530_P1F05,P1_Foc_B2_seqwellF10_G7530_P1F05,,,,,CGAGGCTG,,ACTGCATA,VLTE_QP_tetp3,SUB09310,milo.s.johnson.13@gmail.com,genomic
1,P1_Foc_B2_seqwellG10_G7530_P1B11,P1_Foc_B2_seqwellG10_G7530_P1B11,,,,,CGAGGCTG,,AAGGAGTA,VLTE_QP_tetp3,SUB09310,milo.s.johnson.13@gmail.com,genomic
1,P1_Foc_B2_seqwellH10_G7530_P1C11,P1_Foc_B2_seqwellH10_G7530_P1C11,,,,,CGAGGCTG,,CTAAGCCT,VLTE_QP_tetp3,SUB09310,milo.s.johnson.13@gmail.com,genomic
1,P1_Foc_B2_seqwellA11_G7530_P1E11,P1_Foc_B2_seqwellA11_G7530_P1E11,,,,,AAGAGGCA,,TAGATCGC,VLTE_QP_tetp3,SUB09310,milo.s.johnson.13@gmail.com,genomic
1,P1_Foc_B2_seqwellB11_G7530_P1F11,P1_Foc_B2_seqwellB11_G7530_P1F11,,,,,AAGAGGCA,,CTCTCTAT,VLTE_QP_tetp3,SUB09310,milo.s.johnson.13@gmail.com,genomic
1,P1_Foc_B2_seqwellC11_G7530_P1G11,P1_Foc_B2_seqwellC11_G7530_P1G11,,,,,AAGAGGCA,,TATCCTCT,VLTE_QP_tetp3,SUB09310,milo.s.johnson.13@gmail.com,genomic
1,P1_Foc_B2_seqwellD11_G7530_P1H11,P1_Foc_B2_seqwellD11_G7530_P1H11,,,,,AAGAGGCA,,AGAGTAGA,VLTE_QP_tetp3,SUB09310,milo.s.johnson.13@gmail.com,genomic
1,P1_Foc_B2_seqwellE11_G7530_P1E09,P1_Foc_B2_seqwellE11_G7530_P1E09,,,,,AAGAGGCA,,GTAAGGAG,VLTE_QP_tetp3,SUB09310,milo.s.johnson.13@gmail.com,genomic
1,P1_Foc_B2_seqwellF11_G7530_P1B07,P1_Foc_B2_seqwellF11_G7530_P1B07,,,,,AAGAGGCA,,ACTGCATA,VLTE_QP_tetp3,SUB09310,milo.s.johnson.13@gmail.com,genomic
1,P1_Foc_B2_seqwellG11_G7530_P1C07,P1_Foc_B2_seqwellG11_G7530_P1C07,,,,,AAGAGGCA,,AAGGAGTA,VLTE_QP_tetp3,SUB09310,milo.s.johnson.13@gmail.com,genomic
1,P1_Foc_B2_seqwellH11_G7530_P1G09,P1_Foc_B2_seqwellH11_G7530_P1G09,,,,,AAGAGGCA,,CTAAGCCT,VLTE_QP_tetp3,SUB09310,milo.s.johnson.13@gmail.com,genomic
1,P1_Foc_B2_seqwellA12_G7530_P1G10,P1_Foc_B2_seqwellA12_G7530_P1G10,,,,,GTAGAGGA,,TAGATCGC,VLTE_QP_tetp3,SUB09310,milo.s.johnson.13@gmail.com,genomic
1,P1_Foc_B2_seqwellB12_G7530_P1F07,P1_Foc_B2_seqwellB12_G7530_P1F07,,,,,GTAGAGGA,,CTCTCTAT,VLTE_QP_tetp3,SUB09310,milo.s.johnson.13@gmail.com,genomic
1,P1_Foc_B2_seqwellC12_G7530_P1C09,P1_Foc_B2_seqwellC12_G7530_P1C09,,,,,GTAGAGGA,,TATCCTCT,VLTE_QP_tetp3,SUB09310,milo.s.johnson.13@gmail.com,genomic
1,P1_Foc_B2_seqwellD12_G7530_P1F08,P1_Foc_B2_seqwellD12_G7530_P1F08,,,,,GTAGAGGA,,AGAGTAGA,VLTE_QP_tetp3,SUB09310,milo.s.johnson.13@gmail.com,genomic
1,P1_Foc_B2_seqwellE12_G7530_P1D09,P1_Foc_B2_seqwellE12_G7530_P1D09,,,,,GTAGAGGA,,GTAAGGAG,VLTE_QP_tetp3,SUB09310,milo.s.johnson.13@gmail.com,genomic
1,P1_Foc_B2_seqwellF12_G7530_P1C08,P1_Foc_B2_seqwellF12_G7530_P1C08,,,,,GTAGAGGA,,ACTGCATA,VLTE_QP_tetp3,SUB09310,milo.s.johnson.13@gmail.com,genomic
1,P1_Foc_B2_seqwellG12_G7530_P1F10,P1_Foc_B2_seqwellG12_G7530_P1F10,,,,,GTAGAGGA,,AAGGAGTA,VLTE_QP_tetp3,SUB09310,milo.s.johnson.13@gmail.com,genomic
1,P1_Foc_B2_seqwellH12_G7530_P1G08,P1_Foc_B2_seqwellH12_G7530_P1G08,,,,,GTAGAGGA,,CTAAGCCT,VLTE_QP_tetp3,SUB09310,milo.s.johnson.13@gmail.com,genomic
1,P3_Foc_B2_seqwellB01_G70_P3D03,P3_Foc_B2_seqwellB01_G70_P3D03,,,,,TAAGGCGA,,CCTCAGAC,VLTE_QP_tetp3,SUB09310,milo.s.johnson.13@gmail.com,genomic
1,P3_Foc_B2_seqwellC01_G70_P3D02,P3_Foc_B2_seqwellC01_G70_P3D02,,,,,TAAGGCGA,,TCCTTACG,VLTE_QP_tetp3,SUB09310,milo.s.johnson.13@gmail.com,genomic
1,P3_Foc_B2_seqwellD01_G70_P3F05,P3_Foc_B2_seqwellD01_G70_P3F05,,,,,TAAGGCGA,,ACGCGTGG,VLTE_QP_tetp3,SUB09310,milo.s.johnson.13@gmail.com,genomic
1,P3_Foc_B2_seqwellE01_G70_P3F03,P3_Foc_B2_seqwellE01_G70_P3F03,,,,,TAAGGCGA,,GGAACTCC,VLTE_QP_tetp3,SUB09310,milo.s.johnson.13@gmail.com,genomic
1,P3_Foc_B2_seqwellF01_G70_P3G05,P3_Foc_B2_seqwellF01_G70_P3G05,,,,,TAAGGCGA,,TGGCCATG,VLTE_QP_tetp3,SUB09310,milo.s.johnson.13@gmail.com,genomic
1,P3_Foc_B2_seqwellG01_G70_P3G02,P3_Foc_B2_seqwellG01_G70_P3G02,,,,,TAAGGCGA,,GAGAGATT,VLTE_QP_tetp3,SUB09310,milo.s.johnson.13@gmail.com,genomic
1,P3_Foc_B2_seqwellA02_G70_P3C05,P3_Foc_B2_seqwellA02_G70_P3C05,,,,,CGTACTAG,,GGCTACTC,VLTE_QP_tetp3,SUB09310,milo.s.johnson.13@gmail.com,genomic
1,P3_Foc_B2_seqwellB02_G70_P3C04,P3_Foc_B2_seqwellB02_G70_P3C04,,,,,CGTACTAG,,CCTCAGAC,VLTE_QP_tetp3,SUB09310,milo.s.johnson.13@gmail.com,genomic
1,P3_Foc_B2_seqwellC02_G70_P3D05,P3_Foc_B2_seqwellC02_G70_P3D05,,,,,CGTACTAG,,TCCTTACG,VLTE_QP_tetp3,SUB09310,milo.s.johnson.13@gmail.com,genomic
1,P3_Foc_B2_seqwellD02_G70_P3C03,P3_Foc_B2_seqwellD02_G70_P3C03,,,,,CGTACTAG,,ACGCGTGG,VLTE_QP_tetp3,SUB09310,milo.s.johnson.13@gmail.com,genomic
1,P3_Foc_B2_seqwellE02_G70_P3G06,P3_Foc_B2_seqwellE02_G70_P3G06,,,,,CGTACTAG,,GGAACTCC,VLTE_QP_tetp3,SUB09310,milo.s.johnson.13@gmail.com,genomic
1,P3_Foc_B2_seqwellF02_G70_P3E02,P3_Foc_B2_seqwellF02_G70_P3E02,,,,,CGTACTAG,,TGGCCATG,VLTE_QP_tetp3,SUB09310,milo.s.johnson.13@gmail.com,genomic
1,P3_Foc_B2_seqwellG02_G70_P3B11,P3_Foc_B2_seqwellG02_G70_P3B11,,,,,CGTACTAG,,GAGAGATT,VLTE_QP_tetp3,SUB09310,milo.s.johnson.13@gmail.com,genomic
1,P3_Foc_B2_seqwellH02_G70_P3C11,P3_Foc_B2_seqwellH02_G70_P3C11,,,,,CGTACTAG,,CGCGGTTA,VLTE_QP_tetp3,SUB09310,milo.s.johnson.13@gmail.com,genomic
1,P3_Foc_B2_seqwellA03_G70_P3D11,P3_Foc_B2_seqwellA03_G70_P3D11,,,,,AGGCAGAA,,GGCTACTC,VLTE_QP_tetp3,SUB09310,milo.s.johnson.13@gmail.com,genomic
1,P3_Foc_B2_seqwellB03_G70_P3E11,P3_Foc_B2_seqwellB03_G70_P3E11,,,,,AGGCAGAA,,CCTCAGAC,VLTE_QP_tetp3,SUB09310,milo.s.johnson.13@gmail.com,genomic
1,P3_Foc_B2_seqwellC03_G70_P3F11,P3_Foc_B2_seqwellC03_G70_P3F11,,,,,AGGCAGAA,,TCCTTACG,VLTE_QP_tetp3,SUB09310,milo.s.johnson.13@gmail.com,genomic
1,P3_Foc_B2_seqwellD03_G70_P3G11,P3_Foc_B2_seqwellD03_G70_P3G11,,,,,AGGCAGAA,,ACGCGTGG,VLTE_QP_tetp3,SUB09310,milo.s.johnson.13@gmail.com,genomic
1,P3_Foc_B2_seqwellE03_G70_P3F07,P3_Foc_B2_seqwellE03_G70_P3F07,,,,,AGGCAGAA,,GGAACTCC,VLTE_QP_tetp3,SUB09310,milo.s.johnson.13@gmail.com,genomic
1,P3_Foc_B2_seqwellF03_G70_P3F09,P3_Foc_B2_seqwellF03_G70_P3F09,,,,,AGGCAGAA,,TGGCCATG,VLTE_QP_tetp3,SUB09310,milo.s.johnson.13@gmail.com,genomic
1,P3_Foc_B2_seqwellG03_G70_P3G09,P3_Foc_B2_seqwellG03_G70_P3G09,,,,,AGGCAGAA,,GAGAGATT,VLTE_QP_tetp3,SUB09310,milo.s.johnson.13@gmail.com,genomic
1,P3_Foc_B2_seqwellH03_G70_P3B10,P3_Foc_B2_seqwellH03_G70_P3B10,,,,,AGGCAGAA,,CGCGGTTA,VLTE_QP_tetp3,SUB09310,milo.s.johnson.13@gmail.com,genomic
1,P3_Foc_B2_seqwellA04_G70_P3D10,P3_Foc_B2_seqwellA04_G70_P3D10,,,,,TCCTGAGC,,GGCTACTC,VLTE_QP_tetp3,SUB09310,milo.s.johnson.13@gmail.com,genomic
1,P3_Foc_B2_seqwellB04_G70_P3B08,P3_Foc_B2_seqwellB04_G70_P3B08,,,,,TCCTGAGC,,CCTCAGAC,VLTE_QP_tetp3,SUB09310,milo.s.johnson.13@gmail.com,genomic
1,P3_Foc_B2_seqwellC04_G70_P3C07,P3_Foc_B2_seqwellC04_G70_P3C07,,,,,TCCTGAGC,,TCCTTACG,VLTE_QP_tetp3,SUB09310,milo.s.johnson.13@gmail.com,genomic
1,P3_Foc_B2_seqwellD04_G70_P3B07,P3_Foc_B2_seqwellD04_G70_P3B07,,,,,TCCTGAGC,,ACGCGTGG,VLTE_QP_tetp3,SUB09310,milo.s.johnson.13@gmail.com,genomic
1,P3_Foc_B2_seqwellE04_G70_P3E08,P3_Foc_B2_seqwellE04_G70_P3E08,,,,,TCCTGAGC,,GGAACTCC,VLTE_QP_tetp3,SUB09310,milo.s.johnson.13@gmail.com,genomic
1,P3_Foc_B2_seqwellF04_G70_P3G10,P3_Foc_B2_seqwellF04_G70_P3G10,,,,,TCCTGAGC,,TGGCCATG,VLTE_QP_tetp3,SUB09310,milo.s.johnson.13@gmail.com,genomic
1,P3_Foc_B2_seqwellG04_G70_P3C10,P3_Foc_B2_seqwellG04_G70_P3C10,,,,,TCCTGAGC,,GAGAGATT,VLTE_QP_tetp3,SUB09310,milo.s.johnson.13@gmail.com,genomic
1,P3_Foc_B2_seqwellH04_G70_P3D09,P3_Foc_B2_seqwellH04_G70_P3D09,,,,,TCCTGAGC,,CGCGGTTA,VLTE_QP_tetp3,SUB09310,milo.s.johnson.13@gmail.com,genomic
1,P3_Foc_B2_seqwellB05_G2640_P3D03,P3_Foc_B2_seqwellB05_G2640_P3D03,,,,,GGACTCCT,,CCTCAGAC,VLTE_QP_tetp3,SUB09310,milo.s.johnson.13@gmail.com,genomic
1,P3_Foc_B2_seqwellC05_G2640_P3D02,P3_Foc_B2_seqwellC05_G2640_P3D02,,,,,GGACTCCT,,TCCTTACG,VLTE_QP_tetp3,SUB09310,milo.s.johnson.13@gmail.com,genomic
1,P3_Foc_B2_seqwellD05_G2640_P3F05,P3_Foc_B2_seqwellD05_G2640_P3F05,,,,,GGACTCCT,,ACGCGTGG,VLTE_QP_tetp3,SUB09310,milo.s.johnson.13@gmail.com,genomic
1,P3_Foc_B2_seqwellE05_G2640_P3F03,P3_Foc_B2_seqwellE05_G2640_P3F03,,,,,GGACTCCT,,GGAACTCC,VLTE_QP_tetp3,SUB09310,milo.s.johnson.13@gmail.com,genomic
1,P3_Foc_B2_seqwellF05_G2640_P3G05,P3_Foc_B2_seqwellF05_G2640_P3G05,,,,,GGACTCCT,,TGGCCATG,VLTE_QP_tetp3,SUB09310,milo.s.johnson.13@gmail.com,genomic
1,P3_Foc_B2_seqwellG05_G2640_P3G02,P3_Foc_B2_seqwellG05_G2640_P3G02,,,,,GGACTCCT,,GAGAGATT,VLTE_QP_tetp3,SUB09310,milo.s.johnson.13@gmail.com,genomic
1,P3_Foc_B2_seqwellA06_G2640_P3C05,P3_Foc_B2_seqwellA06_G2640_P3C05,,,,,TAGGCATG,,GGCTACTC,VLTE_QP_tetp3,SUB09310,milo.s.johnson.13@gmail.com,genomic
1,P3_Foc_B2_seqwellB06_G2640_P3C04,P3_Foc_B2_seqwellB06_G2640_P3C04,,,,,TAGGCATG,,CCTCAGAC,VLTE_QP_tetp3,SUB09310,milo.s.johnson.13@gmail.com,genomic
1,P3_Foc_B2_seqwellC06_G2640_P3D05,P3_Foc_B2_seqwellC06_G2640_P3D05,,,,,TAGGCATG,,TCCTTACG,VLTE_QP_tetp3,SUB09310,milo.s.johnson.13@gmail.com,genomic
1,P3_Foc_B2_seqwellD06_G2640_P3C03,P3_Foc_B2_seqwellD06_G2640_P3C03,,,,,TAGGCATG,,ACGCGTGG,VLTE_QP_tetp3,SUB09310,milo.s.johnson.13@gmail.com,genomic
1,P3_Foc_B2_seqwellE06_G2640_P3G06,P3_Foc_B2_seqwellE06_G2640_P3G06,,,,,TAGGCATG,,GGAACTCC,VLTE_QP_tetp3,SUB09310,milo.s.johnson.13@gmail.com,genomic
1,P3_Foc_B2_seqwellF06_G2640_P3E02,P3_Foc_B2_seqwellF06_G2640_P3E02,,,,,TAGGCATG,,TGGCCATG,VLTE_QP_tetp3,SUB09310,milo.s.johnson.13@gmail.com,genomic
1,P3_Foc_B2_seqwellG06_G2640_P3B11,P3_Foc_B2_seqwellG06_G2640_P3B11,,,,,TAGGCATG,,GAGAGATT,VLTE_QP_tetp3,SUB09310,milo.s.johnson.13@gmail.com,genomic
1,P3_Foc_B2_seqwellH06_G2640_P3C11,P3_Foc_B2_seqwellH06_G2640_P3C11,,,,,TAGGCATG,,CGCGGTTA,VLTE_QP_tetp3,SUB09310,milo.s.johnson.13@gmail.com,genomic
1,P3_Foc_B2_seqwellA07_G2640_P3D11,P3_Foc_B2_seqwellA07_G2640_P3D11,,,,,CTCTCTAC,,GGCTACTC,VLTE_QP_tetp3,SUB09310,milo.s.johnson.13@gmail.com,genomic
1,P3_Foc_B2_seqwellB07_G2640_P3E11,P3_Foc_B2_seqwellB07_G2640_P3E11,,,,,CTCTCTAC,,CCTCAGAC,VLTE_QP_tetp3,SUB09310,milo.s.johnson.13@gmail.com,genomic
1,P3_Foc_B2_seqwellC07_G2640_P3F11,P3_Foc_B2_seqwellC07_G2640_P3F11,,,,,CTCTCTAC,,TCCTTACG,VLTE_QP_tetp3,SUB09310,milo.s.johnson.13@gmail.com,genomic
1,P3_Foc_B2_seqwellD07_G2640_P3G11,P3_Foc_B2_seqwellD07_G2640_P3G11,,,,,CTCTCTAC,,ACGCGTGG,VLTE_QP_tetp3,SUB09310,milo.s.johnson.13@gmail.com,genomic
1,P3_Foc_B2_seqwellE07_G2640_P3F07,P3_Foc_B2_seqwellE07_G2640_P3F07,,,,,CTCTCTAC,,GGAACTCC,VLTE_QP_tetp3,SUB09310,milo.s.johnson.13@gmail.com,genomic
1,P3_Foc_B2_seqwellF07_G2640_P3F09,P3_Foc_B2_seqwellF07_G2640_P3F09,,,,,CTCTCTAC,,TGGCCATG,VLTE_QP_tetp3,SUB09310,milo.s.johnson.13@gmail.com,genomic
1,P3_Foc_B2_seqwellG07_G2640_P3G09,P3_Foc_B2_seqwellG07_G2640_P3G09,,,,,CTCTCTAC,,GAGAGATT,VLTE_QP_tetp3,SUB09310,milo.s.johnson.13@gmail.com,genomic
1,P3_Foc_B2_seqwellH07_G2640_P3B10,P3_Foc_B2_seqwellH07_G2640_P3B10,,,,,CTCTCTAC,,CGCGGTTA,VLTE_QP_tetp3,SUB09310,milo.s.johnson.13@gmail.com,genomic
1,P3_Foc_B2_seqwellA08_G2640_P3D10,P3_Foc_B2_seqwellA08_G2640_P3D10,,,,,CAGAGAGG,,GGCTACTC,VLTE_QP_tetp3,SUB09310,milo.s.johnson.13@gmail.com,genomic
1,P3_Foc_B2_seqwellB08_G2640_P3B08,P3_Foc_B2_seqwellB08_G2640_P3B08,,,,,CAGAGAGG,,CCTCAGAC,VLTE_QP_tetp3,SUB09310,milo.s.johnson.13@gmail.com,genomic
1,P3_Foc_B2_seqwellC08_G2640_P3C07,P3_Foc_B2_seqwellC08_G2640_P3C07,,,,,CAGAGAGG,,TCCTTACG,VLTE_QP_tetp3,SUB09310,milo.s.johnson.13@gmail.com,genomic
1,P3_Foc_B2_seqwellD08_G2640_P3B07,P3_Foc_B2_seqwellD08_G2640_P3B07,,,,,CAGAGAGG,,ACGCGTGG,VLTE_QP_tetp3,SUB09310,milo.s.johnson.13@gmail.com,genomic
1,P3_Foc_B2_seqwellE08_G2640_P3E08,P3_Foc_B2_seqwellE08_G2640_P3E08,,,,,CAGAGAGG,,GGAACTCC,VLTE_QP_tetp3,SUB09310,milo.s.johnson.13@gmail.com,genomic
1,P3_Foc_B2_seqwellF08_G2640_P3G10,P3_Foc_B2_seqwellF08_G2640_P3G10,,,,,CAGAGAGG,,TGGCCATG,VLTE_QP_tetp3,SUB09310,milo.s.johnson.13@gmail.com,genomic
1,P3_Foc_B2_seqwellG08_G2640_P3C10,P3_Foc_B2_seqwellG08_G2640_P3C10,,,,,CAGAGAGG,,GAGAGATT,VLTE_QP_tetp3,SUB09310,milo.s.johnson.13@gmail.com,genomic
1,P3_Foc_B2_seqwellH08_G2640_P3D09,P3_Foc_B2_seqwellH08_G2640_P3D09,,,,,CAGAGAGG,,CGCGGTTA,VLTE_QP_tetp3,SUB09310,milo.s.johnson.13@gmail.com,genomic
1,P3_Foc_B2_seqwellB09_G7530_P3D03,P3_Foc_B2_seqwellB09_G7530_P3D03,,,,,GCTACGCT,,CCTCAGAC,VLTE_QP_tetp3,SUB09310,milo.s.johnson.13@gmail.com,genomic
1,P3_Foc_B2_seqwellC09_G7530_P3D02,P3_Foc_B2_seqwellC09_G7530_P3D02,,,,,GCTACGCT,,TCCTTACG,VLTE_QP_tetp3,SUB09310,milo.s.johnson.13@gmail.com,genomic
1,P3_Foc_B2_seqwellD09_G7530_P3F05,P3_Foc_B2_seqwellD09_G7530_P3F05,,,,,GCTACGCT,,ACGCGTGG,VLTE_QP_tetp3,SUB09310,milo.s.johnson.13@gmail.com,genomic
1,P3_Foc_B2_seqwellE09_G7530_P3F03,P3_Foc_B2_seqwellE09_G7530_P3F03,,,,,GCTACGCT,,GGAACTCC,VLTE_QP_tetp3,SUB09310,milo.s.johnson.13@gmail.com,genomic
1,P3_Foc_B2_seqwellF09_G7530_P3G05,P3_Foc_B2_seqwellF09_G7530_P3G05,,,,,GCTACGCT,,TGGCCATG,VLTE_QP_tetp3,SUB09310,milo.s.johnson.13@gmail.com,genomic
1,P3_Foc_B2_seqwellG09_G7530_P3G02,P3_Foc_B2_seqwellG09_G7530_P3G02,,,,,GCTACGCT,,GAGAGATT,VLTE_QP_tetp3,SUB09310,milo.s.johnson.13@gmail.com,genomic
1,P3_Foc_B2_seqwellA10_G7530_P3C05,P3_Foc_B2_seqwellA10_G7530_P3C05,,,,,CGAGGCTG,,GGCTACTC,VLTE_QP_tetp3,SUB09310,milo.s.johnson.13@gmail.com,genomic
1,P3_Foc_B2_seqwellB10_G7530_P3C04,P3_Foc_B2_seqwellB10_G7530_P3C04,,,,,CGAGGCTG,,CCTCAGAC,VLTE_QP_tetp3,SUB09310,milo.s.johnson.13@gmail.com,genomic
1,P3_Foc_B2_seqwellC10_G7530_P3D05,P3_Foc_B2_seqwellC10_G7530_P3D05,,,,,CGAGGCTG,,TCCTTACG,VLTE_QP_tetp3,SUB09310,milo.s.johnson.13@gmail.com,genomic
1,P3_Foc_B2_seqwellD10_G7530_P3C03,P3_Foc_B2_seqwellD10_G7530_P3C03,,,,,CGAGGCTG,,ACGCGTGG,VLTE_QP_tetp3,SUB09310,milo.s.johnson.13@gmail.com,genomic
1,P3_Foc_B2_seqwellE10_G7530_P3G06,P3_Foc_B2_seqwellE10_G7530_P3G06,,,,,CGAGGCTG,,GGAACTCC,VLTE_QP_tetp3,SUB09310,milo.s.johnson.13@gmail.com,genomic
1,P3_Foc_B2_seqwellF10_G7530_P3E02,P3_Foc_B2_seqwellF10_G7530_P3E02,,,,,CGAGGCTG,,TGGCCATG,VLTE_QP_tetp3,SUB09310,milo.s.johnson.13@gmail.com,genomic
1,P3_Foc_B2_seqwellG10_G7530_P3B11,P3_Foc_B2_seqwellG10_G7530_P3B11,,,,,CGAGGCTG,,GAGAGATT,VLTE_QP_tetp3,SUB09310,milo.s.johnson.13@gmail.com,genomic
1,P3_Foc_B2_seqwellH10_G7530_P3C11,P3_Foc_B2_seqwellH10_G7530_P3C11,,,,,CGAGGCTG,,CGCGGTTA,VLTE_QP_tetp3,SUB09310,milo.s.johnson.13@gmail.com,genomic
1,P3_Foc_B2_seqwellA11_G7530_P3D11,P3_Foc_B2_seqwellA11_G7530_P3D11,,,,,AAGAGGCA,,GGCTACTC,VLTE_QP_tetp3,SUB09310,milo.s.johnson.13@gmail.com,genomic
1,P3_Foc_B2_seqwellB11_G7530_P3E11,P3_Foc_B2_seqwellB11_G7530_P3E11,,,,,AAGAGGCA,,CCTCAGAC,VLTE_QP_tetp3,SUB09310,milo.s.johnson.13@gmail.com,genomic
1,P3_Foc_B2_seqwellC11_G7530_P3F11,P3_Foc_B2_seqwellC11_G7530_P3F11,,,,,AAGAGGCA,,TCCTTACG,VLTE_QP_tetp3,SUB09310,milo.s.johnson.13@gmail.com,genomic
1,P3_Foc_B2_seqwellD11_G7530_P3G11,P3_Foc_B2_seqwellD11_G7530_P3G11,,,,,AAGAGGCA,,ACGCGTGG,VLTE_QP_tetp3,SUB09310,milo.s.johnson.13@gmail.com,genomic
1,P3_Foc_B2_seqwellE11_G7530_P3F07,P3_Foc_B2_seqwellE11_G7530_P3F07,,,,,AAGAGGCA,,GGAACTCC,VLTE_QP_tetp3,SUB09310,milo.s.johnson.13@gmail.com,genomic
1,P3_Foc_B2_seqwellF11_G7530_P3F09,P3_Foc_B2_seqwellF11_G7530_P3F09,,,,,AAGAGGCA,,TGGCCATG,VLTE_QP_tetp3,SUB09310,milo.s.johnson.13@gmail.com,genomic
1,P3_Foc_B2_seqwellG11_G7530_P3G09,P3_Foc_B2_seqwellG11_G7530_P3G09,,,,,AAGAGGCA,,GAGAGATT,VLTE_QP_tetp3,SUB09310,milo.s.johnson.13@gmail.com,genomic
1,P3_Foc_B2_seqwellH11_G7530_P3B10,P3_Foc_B2_seqwellH11_G7530_P3B10,,,,,AAGAGGCA,,CGCGGTTA,VLTE_QP_tetp3,SUB09310,milo.s.johnson.13@gmail.com,genomic
1,P3_Foc_B2_seqwellA12_G7530_P3D10,P3_Foc_B2_seqwellA12_G7530_P3D10,,,,,GTAGAGGA,,GGCTACTC,VLTE_QP_tetp3,SUB09310,milo.s.johnson.13@gmail.com,genomic
1,P3_Foc_B2_seqwellB12_G7530_P3B08,P3_Foc_B2_seqwellB12_G7530_P3B08,,,,,GTAGAGGA,,CCTCAGAC,VLTE_QP_tetp3,SUB09310,milo.s.johnson.13@gmail.com,genomic
1,P3_Foc_B2_seqwellC12_G7530_P3C07,P3_Foc_B2_seqwellC12_G7530_P3C07,,,,,GTAGAGGA,,TCCTTACG,VLTE_QP_tetp3,SUB09310,milo.s.johnson.13@gmail.com,genomic
1,P3_Foc_B2_seqwellD12_G7530_P3B07,P3_Foc_B2_seqwellD12_G7530_P3B07,,,,,GTAGAGGA,,ACGCGTGG,VLTE_QP_tetp3,SUB09310,milo.s.johnson.13@gmail.com,genomic
1,P3_Foc_B2_seqwellE12_G7530_P3E08,P3_Foc_B2_seqwellE12_G7530_P3E08,,,,,GTAGAGGA,,GGAACTCC,VLTE_QP_tetp3,SUB09310,milo.s.johnson.13@gmail.com,genomic
1,P3_Foc_B2_seqwellF12_G7530_P3G10,P3_Foc_B2_seqwellF12_G7530_P3G10,,,,,GTAGAGGA,,TGGCCATG,VLTE_QP_tetp3,SUB09310,milo.s.johnson.13@gmail.com,genomic
1,P3_Foc_B2_seqwellG12_G7530_P3C10,P3_Foc_B2_seqwellG12_G7530_P3C10,,,,,GTAGAGGA,,GAGAGATT,VLTE_QP_tetp3,SUB09310,milo.s.johnson.13@gmail.com,genomic
1,P3_Foc_B2_seqwellH12_G7530_P3D09,P3_Foc_B2_seqwellH12_G7530_P3D09,,,,,GTAGAGGA,,CGCGGTTA,VLTE_QP_tetp3,SUB09310,milo.s.johnson.13@gmail.com,genomic
1,P2_Foc_B2_seqwellB01_G70_P2G05,P2_Foc_B2_seqwellB01_G70_P2G05,,,,,ATTGTAAT,,CTCTCTAT,VLTE_QP_tetp3,SUB09310,milo.s.johnson.13@gmail.com,genomic
1,P2_Foc_B2_seqwellC01_G70_P2C02,P2_Foc_B2_seqwellC01_G70_P2C02,,,,,ATTGTAAT,,TATCCTCT,VLTE_QP_tetp3,SUB09310,milo.s.johnson.13@gmail.com,genomic
1,P2_Foc_B2_seqwellD01_G70_P2G04,P2_Foc_B2_seqwellD01_G70_P2G04,,,,,ATTGTAAT,,AGAGTAGA,VLTE_QP_tetp3,SUB09310,milo.s.johnson.13@gmail.com,genomic
1,P2_Foc_B2_seqwellE01_G70_P2B05,P2_Foc_B2_seqwellE01_G70_P2B05,,,,,ATTGTAAT,,GTAAGGAG,VLTE_QP_tetp3,SUB09310,milo.s.johnson.13@gmail.com,genomic
1,P2_Foc_B2_seqwellF01_G70_P2D03,P2_Foc_B2_seqwellF01_G70_P2D03,,,,,ATTGTAAT,,ACTGCATA,VLTE_QP_tetp3,SUB09310,milo.s.johnson.13@gmail.com,genomic
1,P2_Foc_B2_seqwellG01_G70_P2F02,P2_Foc_B2_seqwellG01_G70_P2F02,,,,,ATTGTAAT,,AAGGAGTA,VLTE_QP_tetp3,SUB09310,milo.s.johnson.13@gmail.com,genomic
1,P2_Foc_B2_seqwellA02_G70_P2E06,P2_Foc_B2_seqwellA02_G70_P2E06,,,,,GATCATTC,,TAGATCGC,VLTE_QP_tetp3,SUB09310,milo.s.johnson.13@gmail.com,genomic
1,P2_Foc_B2_seqwellB02_G70_P2C05,P2_Foc_B2_seqwellB02_G70_P2C05,,,,,GATCATTC,,CTCTCTAT,VLTE_QP_tetp3,SUB09310,milo.s.johnson.13@gmail.com,genomic
1,P2_Foc_B2_seqwellC02_G70_P2C04,P2_Foc_B2_seqwellC02_G70_P2C04,,,,,GATCATTC,,TATCCTCT,VLTE_QP_tetp3,SUB09310,milo.s.johnson.13@gmail.com,genomic
1,P2_Foc_B2_seqwellD02_G70_P2D06,P2_Foc_B2_seqwellD02_G70_P2D06,,,,,GATCATTC,,AGAGTAGA,VLTE_QP_tetp3,SUB09310,milo.s.johnson.13@gmail.com,genomic
1,P2_Foc_B2_seqwellE02_G70_P2C06,P2_Foc_B2_seqwellE02_G70_P2C06,,,,,GATCATTC,,GTAAGGAG,VLTE_QP_tetp3,SUB09310,milo.s.johnson.13@gmail.com,genomic
1,P2_Foc_B2_seqwellF02_G70_P2B04,P2_Foc_B2_seqwellF02_G70_P2B04,,,,,GATCATTC,,ACTGCATA,VLTE_QP_tetp3,SUB09310,milo.s.johnson.13@gmail.com,genomic
1,P2_Foc_B2_seqwellG02_G70_P2B11,P2_Foc_B2_seqwellG02_G70_P2B11,,,,,GATCATTC,,AAGGAGTA,VLTE_QP_tetp3,SUB09310,milo.s.johnson.13@gmail.com,genomic
1,P2_Foc_B2_seqwellH02_G70_P2C11,P2_Foc_B2_seqwellH02_G70_P2C11,,,,,GATCATTC,,CTAAGCCT,VLTE_QP_tetp3,SUB09310,milo.s.johnson.13@gmail.com,genomic
1,P2_Foc_B2_seqwellA03_G70_P2D11,P2_Foc_B2_seqwellA03_G70_P2D11,,,,,ACCGATCG,,TAGATCGC,VLTE_QP_tetp3,SUB09310,milo.s.johnson.13@gmail.com,genomic
1,P2_Foc_B2_seqwellB03_G70_P2E11,P2_Foc_B2_seqwellB03_G70_P2E11,,,,,ACCGATCG,,CTCTCTAT,VLTE_QP_tetp3,SUB09310,milo.s.johnson.13@gmail.com,genomic
1,P2_Foc_B2_seqwellC03_G70_P2F11,P2_Foc_B2_seqwellC03_G70_P2F11,,,,,ACCGATCG,,TATCCTCT,VLTE_QP_tetp3,SUB09310,milo.s.johnson.13@gmail.com,genomic
1,P2_Foc_B2_seqwellD03_G70_P2G11,P2_Foc_B2_seqwellD03_G70_P2G11,,,,,ACCGATCG,,AGAGTAGA,VLTE_QP_tetp3,SUB09310,milo.s.johnson.13@gmail.com,genomic
1,P2_Foc_B2_seqwellE03_G70_P2G09,P2_Foc_B2_seqwellE03_G70_P2G09,,,,,ACCGATCG,,GTAAGGAG,VLTE_QP_tetp3,SUB09310,milo.s.johnson.13@gmail.com,genomic
1,P2_Foc_B2_seqwellF03_G70_P2C10,P2_Foc_B2_seqwellF03_G70_P2C10,,,,,ACCGATCG,,ACTGCATA,VLTE_QP_tetp3,SUB09310,milo.s.johnson.13@gmail.com,genomic
1,P2_Foc_B2_seqwellG03_G70_P2D08,P2_Foc_B2_seqwellG03_G70_P2D08,,,,,ACCGATCG,,AAGGAGTA,VLTE_QP_tetp3,SUB09310,milo.s.johnson.13@gmail.com,genomic
1,P2_Foc_B2_seqwellH03_G70_P2F09,P2_Foc_B2_seqwellH03_G70_P2F09,,,,,ACCGATCG,,CTAAGCCT,VLTE_QP_tetp3,SUB09310,milo.s.johnson.13@gmail.com,genomic
1,P2_Foc_B2_seqwellA04_G70_P2B09,P2_Foc_B2_seqwellA04_G70_P2B09,,,,,CCGTTATT,,TAGATCGC,VLTE_QP_tetp3,SUB09310,milo.s.johnson.13@gmail.com,genomic
1,P2_Foc_B2_seqwellB04_G70_P2E08,P2_Foc_B2_seqwellB04_G70_P2E08,,,,,CCGTTATT,,CTCTCTAT,VLTE_QP_tetp3,SUB09310,milo.s.johnson.13@gmail.com,genomic
1,P2_Foc_B2_seqwellC04_G70_P2B08,P2_Foc_B2_seqwellC04_G70_P2B08,,,,,CCGTTATT,,TATCCTCT,VLTE_QP_tetp3,SUB09310,milo.s.johnson.13@gmail.com,genomic
1,P2_Foc_B2_seqwellD04_G70_P2B10,P2_Foc_B2_seqwellD04_G70_P2B10,,,,,CCGTTATT,,AGAGTAGA,VLTE_QP_tetp3,SUB09310,milo.s.johnson.13@gmail.com,genomic
1,P2_Foc_B2_seqwellE04_G70_P2G10,P2_Foc_B2_seqwellE04_G70_P2G10,,,,,CCGTTATT,,GTAAGGAG,VLTE_QP_tetp3,SUB09310,milo.s.johnson.13@gmail.com,genomic
1,P2_Foc_B2_seqwellF04_G70_P2B07,P2_Foc_B2_seqwellF04_G70_P2B07,,,,,CCGTTATT,,ACTGCATA,VLTE_QP_tetp3,SUB09310,milo.s.johnson.13@gmail.com,genomic
1,P2_Foc_B2_seqwellG04_G70_P2F07,P2_Foc_B2_seqwellG04_G70_P2F07,,,,,CCGTTATT,,AAGGAGTA,VLTE_QP_tetp3,SUB09310,milo.s.johnson.13@gmail.com,genomic
1,P2_Foc_B2_seqwellH04_G70_P2G08,P2_Foc_B2_seqwellH04_G70_P2G08,,,,,CCGTTATT,,CTAAGCCT,VLTE_QP_tetp3,SUB09310,milo.s.johnson.13@gmail.com,genomic
1,P2_Foc_B2_seqwellB05_G2640_P2G05,P2_Foc_B2_seqwellB05_G2640_P2G05,,,,,TTCTTCTA,,CTCTCTAT,VLTE_QP_tetp3,SUB09310,milo.s.johnson.13@gmail.com,genomic
1,P2_Foc_B2_seqwellC05_G2640_P2C02,P2_Foc_B2_seqwellC05_G2640_P2C02,,,,,TTCTTCTA,,TATCCTCT,VLTE_QP_tetp3,SUB09310,milo.s.johnson.13@gmail.com,genomic
1,P2_Foc_B2_seqwellD05_G2640_P2G04,P2_Foc_B2_seqwellD05_G2640_P2G04,,,,,TTCTTCTA,,AGAGTAGA,VLTE_QP_tetp3,SUB09310,milo.s.johnson.13@gmail.com,genomic
1,P2_Foc_B2_seqwellE05_G2640_P2B05,P2_Foc_B2_seqwellE05_G2640_P2B05,,,,,TTCTTCTA,,GTAAGGAG,VLTE_QP_tetp3,SUB09310,milo.s.johnson.13@gmail.com,genomic
1,P2_Foc_B2_seqwellF05_G2640_P2D03,P2_Foc_B2_seqwellF05_G2640_P2D03,,,,,TTCTTCTA,,ACTGCATA,VLTE_QP_tetp3,SUB09310,milo.s.johnson.13@gmail.com,genomic
1,P2_Foc_B2_seqwellG05_G2640_P2F02,P2_Foc_B2_seqwellG05_G2640_P2F02,,,,,TTCTTCTA,,AAGGAGTA,VLTE_QP_tetp3,SUB09310,milo.s.johnson.13@gmail.com,genomic
1,P2_Foc_B2_seqwellA06_G2640_P2E06,P2_Foc_B2_seqwellA06_G2640_P2E06,,,,,TACCTGAC,,TAGATCGC,VLTE_QP_tetp3,SUB09310,milo.s.johnson.13@gmail.com,genomic
1,P2_Foc_B2_seqwellB06_G2640_P2C05,P2_Foc_B2_seqwellB06_G2640_P2C05,,,,,TACCTGAC,,CTCTCTAT,VLTE_QP_tetp3,SUB09310,milo.s.johnson.13@gmail.com,genomic
1,P2_Foc_B2_seqwellC06_G2640_P2C04,P2_Foc_B2_seqwellC06_G2640_P2C04,,,,,TACCTGAC,,TATCCTCT,VLTE_QP_tetp3,SUB09310,milo.s.johnson.13@gmail.com,genomic
1,P2_Foc_B2_seqwellD06_G2640_P2D06,P2_Foc_B2_seqwellD06_G2640_P2D06,,,,,TACCTGAC,,AGAGTAGA,VLTE_QP_tetp3,SUB09310,milo.s.johnson.13@gmail.com,genomic
1,P2_Foc_B2_seqwellE06_G2640_P2C06,P2_Foc_B2_seqwellE06_G2640_P2C06,,,,,TACCTGAC,,GTAAGGAG,VLTE_QP_tetp3,SUB09310,milo.s.johnson.13@gmail.com,genomic
1,P2_Foc_B2_seqwellF06_G2640_P2B04,P2_Foc_B2_seqwellF06_G2640_P2B04,,,,,TACCTGAC,,ACTGCATA,VLTE_QP_tetp3,SUB09310,milo.s.johnson.13@gmail.com,genomic
1,P2_Foc_B2_seqwellG06_G2640_P2B11,P2_Foc_B2_seqwellG06_G2640_P2B11,,,,,TACCTGAC,,AAGGAGTA,VLTE_QP_tetp3,SUB09310,milo.s.johnson.13@gmail.com,genomic
1,P2_Foc_B2_seqwellH06_G2640_P2C11,P2_Foc_B2_seqwellH06_G2640_P2C11,,,,,TACCTGAC,,CTAAGCCT,VLTE_QP_tetp3,SUB09310,milo.s.johnson.13@gmail.com,genomic
1,P2_Foc_B2_seqwellA07_G2640_P2D11,P2_Foc_B2_seqwellA07_G2640_P2D11,,,,,AGGACCGC,,TAGATCGC,VLTE_QP_tetp3,SUB09310,milo.s.johnson.13@gmail.com,genomic
1,P2_Foc_B2_seqwellB07_G2640_P2E11,P2_Foc_B2_seqwellB07_G2640_P2E11,,,,,AGGACCGC,,CTCTCTAT,VLTE_QP_tetp3,SUB09310,milo.s.johnson.13@gmail.com,genomic
1,P2_Foc_B2_seqwellC07_G2640_P2F11,P2_Foc_B2_seqwellC07_G2640_P2F11,,,,,AGGACCGC,,TATCCTCT,VLTE_QP_tetp3,SUB09310,milo.s.johnson.13@gmail.com,genomic
1,P2_Foc_B2_seqwellD07_G2640_P2G11,P2_Foc_B2_seqwellD07_G2640_P2G11,,,,,AGGACCGC,,AGAGTAGA,VLTE_QP_tetp3,SUB09310,milo.s.johnson.13@gmail.com,genomic
1,P2_Foc_B2_seqwellE07_G2640_P2G09,P2_Foc_B2_seqwellE07_G2640_P2G09,,,,,AGGACCGC,,GTAAGGAG,VLTE_QP_tetp3,SUB09310,milo.s.johnson.13@gmail.com,genomic
1,P2_Foc_B2_seqwellF07_G2640_P2C10,P2_Foc_B2_seqwellF07_G2640_P2C10,,,,,AGGACCGC,,ACTGCATA,VLTE_QP_tetp3,SUB09310,milo.s.johnson.13@gmail.com,genomic
1,P2_Foc_B2_seqwellG07_G2640_P2D08,P2_Foc_B2_seqwellG07_G2640_P2D08,,,,,AGGACCGC,,AAGGAGTA,VLTE_QP_tetp3,SUB09310,milo.s.johnson.13@gmail.com,genomic
1,P2_Foc_B2_seqwellH07_G2640_P2F09,P2_Foc_B2_seqwellH07_G2640_P2F09,,,,,AGGACCGC,,CTAAGCCT,VLTE_QP_tetp3,SUB09310,milo.s.johnson.13@gmail.com,genomic
1,P2_Foc_B2_seqwellA08_G2640_P2B09,P2_Foc_B2_seqwellA08_G2640_P2B09,,,,,GTCCGATT,,TAGATCGC,VLTE_QP_tetp3,SUB09310,milo.s.johnson.13@gmail.com,genomic
1,P2_Foc_B2_seqwellB08_G2640_P2E08,P2_Foc_B2_seqwellB08_G2640_P2E08,,,,,GTCCGATT,,CTCTCTAT,VLTE_QP_tetp3,SUB09310,milo.s.johnson.13@gmail.com,genomic
1,P2_Foc_B2_seqwellC08_G2640_P2B08,P2_Foc_B2_seqwellC08_G2640_P2B08,,,,,GTCCGATT,,TATCCTCT,VLTE_QP_tetp3,SUB09310,milo.s.johnson.13@gmail.com,genomic
1,P2_Foc_B2_seqwellD08_G2640_P2B10,P2_Foc_B2_seqwellD08_G2640_P2B10,,,,,GTCCGATT,,AGAGTAGA,VLTE_QP_tetp3,SUB09310,milo.s.johnson.13@gmail.com,genomic
1,P2_Foc_B2_seqwellE08_G2640_P2G10,P2_Foc_B2_seqwellE08_G2640_P2G10,,,,,GTCCGATT,,GTAAGGAG,VLTE_QP_tetp3,SUB09310,milo.s.johnson.13@gmail.com,genomic
1,P2_Foc_B2_seqwellF08_G2640_P2B07,P2_Foc_B2_seqwellF08_G2640_P2B07,,,,,GTCCGATT,,ACTGCATA,VLTE_QP_tetp3,SUB09310,milo.s.johnson.13@gmail.com,genomic
1,P2_Foc_B2_seqwellG08_G2640_P2F07,P2_Foc_B2_seqwellG08_G2640_P2F07,,,,,GTCCGATT,,AAGGAGTA,VLTE_QP_tetp3,SUB09310,milo.s.johnson.13@gmail.com,genomic
1,P2_Foc_B2_seqwellH08_G2640_P2G08,P2_Foc_B2_seqwellH08_G2640_P2G08,,,,,GTCCGATT,,CTAAGCCT,VLTE_QP_tetp3,SUB09310,milo.s.johnson.13@gmail.com,genomic
1,P2_Foc_B2_seqwellB09_G7530_P2G05,P2_Foc_B2_seqwellB09_G7530_P2G05,,,,,CACGAGTT,,CTCTCTAT,VLTE_QP_tetp3,SUB09310,milo.s.johnson.13@gmail.com,genomic
1,P2_Foc_B2_seqwellC09_G7530_P2C02,P2_Foc_B2_seqwellC09_G7530_P2C02,,,,,CACGAGTT,,TATCCTCT,VLTE_QP_tetp3,SUB09310,milo.s.johnson.13@gmail.com,genomic
1,P2_Foc_B2_seqwellD09_G7530_P2G04,P2_Foc_B2_seqwellD09_G7530_P2G04,,,,,CACGAGTT,,AGAGTAGA,VLTE_QP_tetp3,SUB09310,milo.s.johnson.13@gmail.com,genomic
1,P2_Foc_B2_seqwellE09_G7530_P2B05,P2_Foc_B2_seqwellE09_G7530_P2B05,,,,,CACGAGTT,,GTAAGGAG,VLTE_QP_tetp3,SUB09310,milo.s.johnson.13@gmail.com,genomic
1,P2_Foc_B2_seqwellF09_G7530_P2D03,P2_Foc_B2_seqwellF09_G7530_P2D03,,,,,CACGAGTT,,ACTGCATA,VLTE_QP_tetp3,SUB09310,milo.s.johnson.13@gmail.com,genomic
1,P2_Foc_B2_seqwellG09_G7530_P2F02,P2_Foc_B2_seqwellG09_G7530_P2F02,,,,,CACGAGTT,,AAGGAGTA,VLTE_QP_tetp3,SUB09310,milo.s.johnson.13@gmail.com,genomic
1,P2_Foc_B2_seqwellA10_G7530_P2E06,P2_Foc_B2_seqwellA10_G7530_P2E06,,,,,CCACGGCC,,TAGATCGC,VLTE_QP_tetp3,SUB09310,milo.s.johnson.13@gmail.com,genomic
1,P2_Foc_B2_seqwellB10_G7530_P2C05,P2_Foc_B2_seqwellB10_G7530_P2C05,,,,,CCACGGCC,,CTCTCTAT,VLTE_QP_tetp3,SUB09310,milo.s.johnson.13@gmail.com,genomic
1,P2_Foc_B2_seqwellC10_G7530_P2C04,P2_Foc_B2_seqwellC10_G7530_P2C04,,,,,CCACGGCC,,TATCCTCT,VLTE_QP_tetp3,SUB09310,milo.s.johnson.13@gmail.com,genomic
1,P2_Foc_B2_seqwellD10_G7530_P2D06,P2_Foc_B2_seqwellD10_G7530_P2D06,,,,,CCACGGCC,,AGAGTAGA,VLTE_QP_tetp3,SUB09310,milo.s.johnson.13@gmail.com,genomic
1,P2_Foc_B2_seqwellE10_G7530_P2C06,P2_Foc_B2_seqwellE10_G7530_P2C06,,,,,CCACGGCC,,GTAAGGAG,VLTE_QP_tetp3,SUB09310,milo.s.johnson.13@gmail.com,genomic
1,P2_Foc_B2_seqwellF10_G7530_P2B04,P2_Foc_B2_seqwellF10_G7530_P2B04,,,,,CCACGGCC,,ACTGCATA,VLTE_QP_tetp3,SUB09310,milo.s.johnson.13@gmail.com,genomic
1,P2_Foc_B2_seqwellG10_G7530_P2B11,P2_Foc_B2_seqwellG10_G7530_P2B11,,,,,CCACGGCC,,AAGGAGTA,VLTE_QP_tetp3,SUB09310,milo.s.johnson.13@gmail.com,genomic
1,P2_Foc_B2_seqwellH10_G7530_P2C11,P2_Foc_B2_seqwellH10_G7530_P2C11,,,,,CCACGGCC,,CTAAGCCT,VLTE_QP_tetp3,SUB09310,milo.s.johnson.13@gmail.com,genomic
1,P2_Foc_B2_seqwellA11_G7530_P2D11,P2_Foc_B2_seqwellA11_G7530_P2D11,,,,,ACATGTAA,,TAGATCGC,VLTE_QP_tetp3,SUB09310,milo.s.johnson.13@gmail.com,genomic
1,P2_Foc_B2_seqwellB11_G7530_P2E11,P2_Foc_B2_seqwellB11_G7530_P2E11,,,,,ACATGTAA,,CTCTCTAT,VLTE_QP_tetp3,SUB09310,milo.s.johnson.13@gmail.com,genomic
1,P2_Foc_B2_seqwellC11_G7530_P2F11,P2_Foc_B2_seqwellC11_G7530_P2F11,,,,,ACATGTAA,,TATCCTCT,VLTE_QP_tetp3,SUB09310,milo.s.johnson.13@gmail.com,genomic
1,P2_Foc_B2_seqwellD11_G7530_P2G11,P2_Foc_B2_seqwellD11_G7530_P2G11,,,,,ACATGTAA,,AGAGTAGA,VLTE_QP_tetp3,SUB09310,milo.s.johnson.13@gmail.com,genomic
1,P2_Foc_B2_seqwellE11_G7530_P2G09,P2_Foc_B2_seqwellE11_G7530_P2G09,,,,,ACATGTAA,,GTAAGGAG,VLTE_QP_tetp3,SUB09310,milo.s.johnson.13@gmail.com,genomic
1,P2_Foc_B2_seqwellF11_G7530_P2C10,P2_Foc_B2_seqwellF11_G7530_P2C10,,,,,ACATGTAA,,ACTGCATA,VLTE_QP_tetp3,SUB09310,milo.s.johnson.13@gmail.com,genomic
1,P2_Foc_B2_seqwellG11_G7530_P2D08,P2_Foc_B2_seqwellG11_G7530_P2D08,,,,,ACATGTAA,,AAGGAGTA,VLTE_QP_tetp3,SUB09310,milo.s.johnson.13@gmail.com,genomic
1,P2_Foc_B2_seqwellH11_G7530_P2F09,P2_Foc_B2_seqwellH11_G7530_P2F09,,,,,ACATGTAA,,CTAAGCCT,VLTE_QP_tetp3,SUB09310,milo.s.johnson.13@gmail.com,genomic
1,P2_Foc_B2_seqwellA12_G7530_P2B09,P2_Foc_B2_seqwellA12_G7530_P2B09,,,,,TGTTAACT,,TAGATCGC,VLTE_QP_tetp3,SUB09310,milo.s.johnson.13@gmail.com,genomic
1,P2_Foc_B2_seqwellB12_G7530_P2E08,P2_Foc_B2_seqwellB12_G7530_P2E08,,,,,TGTTAACT,,CTCTCTAT,VLTE_QP_tetp3,SUB09310,milo.s.johnson.13@gmail.com,genomic
1,P2_Foc_B2_seqwellC12_G7530_P2B08,P2_Foc_B2_seqwellC12_G7530_P2B08,,,,,TGTTAACT,,TATCCTCT,VLTE_QP_tetp3,SUB09310,milo.s.johnson.13@gmail.com,genomic
1,P2_Foc_B2_seqwellD12_G7530_P2B10,P2_Foc_B2_seqwellD12_G7530_P2B10,,,,,TGTTAACT,,AGAGTAGA,VLTE_QP_tetp3,SUB09310,milo.s.johnson.13@gmail.com,genomic
1,P2_Foc_B2_seqwellE12_G7530_P2G10,P2_Foc_B2_seqwellE12_G7530_P2G10,,,,,TGTTAACT,,GTAAGGAG,VLTE_QP_tetp3,SUB09310,milo.s.johnson.13@gmail.com,genomic
1,P2_Foc_B2_seqwellF12_G7530_P2B07,P2_Foc_B2_seqwellF12_G7530_P2B07,,,,,TGTTAACT,,ACTGCATA,VLTE_QP_tetp3,SUB09310,milo.s.johnson.13@gmail.com,genomic
1,P2_Foc_B2_seqwellG12_G7530_P2F07,P2_Foc_B2_seqwellG12_G7530_P2F07,,,,,TGTTAACT,,AAGGAGTA,VLTE_QP_tetp3,SUB09310,milo.s.johnson.13@gmail.com,genomic
1,P2_Foc_B2_seqwellH12_G7530_P2G08,P2_Foc_B2_seqwellH12_G7530_P2G08,,,,,TGTTAACT,,CTAAGCCT,VLTE_QP_tetp3,SUB09310,milo.s.johnson.13@gmail.com,genomic
