[Header],,,,,,,,,,,
IEMFileVersion,4,,,,,,,,,,
InvestigatorName,SUB09146,,,,,,,,,,
ExperimentName,milo.s.johnson.13@gmail.com,,,,,,,,,,
Date,9/26/2019,,,,,,,,,,
Workflow,GenerateFASTQ,,,,,,,,,,
Application,NextSeqFASTQOnly,,,,,,,,,,
Assay,TruSeqLT,,,,,,,,,,
Description,SUB09146,,,,,,,,,,
Chemistry,Amplicon,,,,,,,,,,
,,,,,,,,,,,
,,,,,,,,,,,
[Reads],,,,,,,,,,,
151,,,,,,,,,,,
151,,,,,,,,,,,
,,,,,,,,,,,
,,,,,,,,,,,
,,,,,,,,,,,
,,,,,,,,,,,
[Settings],,,,,,,,,,,
Adapter,AGATCGGAAGAGCACACGTCTGAACTCCAGTCA,,,,,,,,,,
AdapterRead2,AGATCGGAAGAGCGTCGTGTAGGGAAAGAGTGT,,,,,,,,,,
,,,,,,,,,,,
[Data],,,,,,,,,,,
Sample_ID,Sample_Name,Sample_Plate,Sample_Well,I7_Index_ID,index,I5_Index_ID,index2,Sample_Project,Description,Email,Type
P4_10150_A01_G10150_P4A01,P4_10150_A01_G10150_P4A01,,,,TAAGGCGA,,GCGATCTA,VLTE_B1_WGS,SUB09146,milo.s.johnson.13@gmail.com,genomic
P4_10150_C01_G10150_P4C01,P4_10150_C01_G10150_P4C01,,,,TAAGGCGA,,AGAGGATA,VLTE_B1_WGS,SUB09146,milo.s.johnson.13@gmail.com,genomic
P4_10150_D01_G10150_P4D01,P4_10150_D01_G10150_P4D01,,,,TAAGGCGA,,TCTACTCT,VLTE_B1_WGS,SUB09146,milo.s.johnson.13@gmail.com,genomic
P4_10150_E01_G10150_P4E01,P4_10150_E01_G10150_P4E01,,,,TAAGGCGA,,CTCCTTAC,VLTE_B1_WGS,SUB09146,milo.s.johnson.13@gmail.com,genomic
P4_10150_F01_G10150_P4F01,P4_10150_F01_G10150_P4F01,,,,TAAGGCGA,,TATGCAGT,VLTE_B1_WGS,SUB09146,milo.s.johnson.13@gmail.com,genomic
P4_10150_G01_G10150_P4G01,P4_10150_G01_G10150_P4G01,,,,TAAGGCGA,,TACTCCTT,VLTE_B1_WGS,SUB09146,milo.s.johnson.13@gmail.com,genomic
P4_10150_H01_G10150_P4H01,P4_10150_H01_G10150_P4H01,,,,TAAGGCGA,,AGGCTTAG,VLTE_B1_WGS,SUB09146,milo.s.johnson.13@gmail.com,genomic
P4_10150_B02_G10150_P4B02,P4_10150_B02_G10150_P4B02,,,,CGTACTAG,,ATAGAGAG,VLTE_B1_WGS,SUB09146,milo.s.johnson.13@gmail.com,genomic
P4_10150_C02_G10150_P4C02,P4_10150_C02_G10150_P4C02,,,,CGTACTAG,,AGAGGATA,VLTE_B1_WGS,SUB09146,milo.s.johnson.13@gmail.com,genomic
P4_10150_D02_G10150_P4D02,P4_10150_D02_G10150_P4D02,,,,CGTACTAG,,TCTACTCT,VLTE_B1_WGS,SUB09146,milo.s.johnson.13@gmail.com,genomic
P4_10150_E02_G10150_P4E02,P4_10150_E02_G10150_P4E02,,,,CGTACTAG,,CTCCTTAC,VLTE_B1_WGS,SUB09146,milo.s.johnson.13@gmail.com,genomic
P4_10150_F02_G10150_P4F02,P4_10150_F02_G10150_P4F02,,,,CGTACTAG,,TATGCAGT,VLTE_B1_WGS,SUB09146,milo.s.johnson.13@gmail.com,genomic
P4_10150_G02_G10150_P4G02,P4_10150_G02_G10150_P4G02,,,,CGTACTAG,,TACTCCTT,VLTE_B1_WGS,SUB09146,milo.s.johnson.13@gmail.com,genomic
P4_10150_H02_G10150_P4H02,P4_10150_H02_G10150_P4H02,,,,CGTACTAG,,AGGCTTAG,VLTE_B1_WGS,SUB09146,milo.s.johnson.13@gmail.com,genomic
P4_10150_A03_G10150_P4A03,P4_10150_A03_G10150_P4A03,,,,AGGCAGAA,,GCGATCTA,VLTE_B1_WGS,SUB09146,milo.s.johnson.13@gmail.com,genomic
P4_10150_B03_G10150_P4B03,P4_10150_B03_G10150_P4B03,,,,AGGCAGAA,,ATAGAGAG,VLTE_B1_WGS,SUB09146,milo.s.johnson.13@gmail.com,genomic
P4_10150_C03_G10150_P4C03,P4_10150_C03_G10150_P4C03,,,,AGGCAGAA,,AGAGGATA,VLTE_B1_WGS,SUB09146,milo.s.johnson.13@gmail.com,genomic
P4_10150_D03_G10150_P4D03,P4_10150_D03_G10150_P4D03,,,,AGGCAGAA,,TCTACTCT,VLTE_B1_WGS,SUB09146,milo.s.johnson.13@gmail.com,genomic
P4_10150_E03_G10150_P4E03,P4_10150_E03_G10150_P4E03,,,,AGGCAGAA,,CTCCTTAC,VLTE_B1_WGS,SUB09146,milo.s.johnson.13@gmail.com,genomic
P4_10150_F03_G10150_P4F03,P4_10150_F03_G10150_P4F03,,,,AGGCAGAA,,TATGCAGT,VLTE_B1_WGS,SUB09146,milo.s.johnson.13@gmail.com,genomic
P4_10150_G03_G10150_P4G03,P4_10150_G03_G10150_P4G03,,,,AGGCAGAA,,TACTCCTT,VLTE_B1_WGS,SUB09146,milo.s.johnson.13@gmail.com,genomic
P4_10150_H03_G10150_P4H03,P4_10150_H03_G10150_P4H03,,,,AGGCAGAA,,AGGCTTAG,VLTE_B1_WGS,SUB09146,milo.s.johnson.13@gmail.com,genomic
P4_10150_B04_G10150_P4B04,P4_10150_B04_G10150_P4B04,,,,TCCTGAGC,,ATAGAGAG,VLTE_B1_WGS,SUB09146,milo.s.johnson.13@gmail.com,genomic
P4_10150_C04_G10150_P4C04,P4_10150_C04_G10150_P4C04,,,,TCCTGAGC,,AGAGGATA,VLTE_B1_WGS,SUB09146,milo.s.johnson.13@gmail.com,genomic
P4_10150_E04_G10150_P4E04,P4_10150_E04_G10150_P4E04,,,,TCCTGAGC,,CTCCTTAC,VLTE_B1_WGS,SUB09146,milo.s.johnson.13@gmail.com,genomic
P4_10150_F04_G10150_P4F04,P4_10150_F04_G10150_P4F04,,,,TCCTGAGC,,TATGCAGT,VLTE_B1_WGS,SUB09146,milo.s.johnson.13@gmail.com,genomic
P4_10150_G04_G10150_P4G04,P4_10150_G04_G10150_P4G04,,,,TCCTGAGC,,TACTCCTT,VLTE_B1_WGS,SUB09146,milo.s.johnson.13@gmail.com,genomic
P4_10150_H04_G10150_P4H04,P4_10150_H04_G10150_P4H04,,,,TCCTGAGC,,AGGCTTAG,VLTE_B1_WGS,SUB09146,milo.s.johnson.13@gmail.com,genomic
P4_10150_A05_G10150_P4A05,P4_10150_A05_G10150_P4A05,,,,GGACTCCT,,GCGATCTA,VLTE_B1_WGS,SUB09146,milo.s.johnson.13@gmail.com,genomic
P4_10150_B05_G10150_P4B05,P4_10150_B05_G10150_P4B05,,,,GGACTCCT,,ATAGAGAG,VLTE_B1_WGS,SUB09146,milo.s.johnson.13@gmail.com,genomic
P4_10150_C05_G10150_P4C05,P4_10150_C05_G10150_P4C05,,,,GGACTCCT,,AGAGGATA,VLTE_B1_WGS,SUB09146,milo.s.johnson.13@gmail.com,genomic
P4_10150_D05_G10150_P4D05,P4_10150_D05_G10150_P4D05,,,,GGACTCCT,,TCTACTCT,VLTE_B1_WGS,SUB09146,milo.s.johnson.13@gmail.com,genomic
P4_10150_E05_G10150_P4E05,P4_10150_E05_G10150_P4E05,,,,GGACTCCT,,CTCCTTAC,VLTE_B1_WGS,SUB09146,milo.s.johnson.13@gmail.com,genomic
P4_10150_F05_G10150_P4F05,P4_10150_F05_G10150_P4F05,,,,GGACTCCT,,TATGCAGT,VLTE_B1_WGS,SUB09146,milo.s.johnson.13@gmail.com,genomic
P4_10150_G05_G10150_P4G05,P4_10150_G05_G10150_P4G05,,,,GGACTCCT,,TACTCCTT,VLTE_B1_WGS,SUB09146,milo.s.johnson.13@gmail.com,genomic
P4_10150_H05_G10150_P4H05,P4_10150_H05_G10150_P4H05,,,,GGACTCCT,,AGGCTTAG,VLTE_B1_WGS,SUB09146,milo.s.johnson.13@gmail.com,genomic
P4_10150_A06_G10150_P4A06,P4_10150_A06_G10150_P4A06,,,,TAGGCATG,,GCGATCTA,VLTE_B1_WGS,SUB09146,milo.s.johnson.13@gmail.com,genomic
P4_10150_B06_G10150_P4B06,P4_10150_B06_G10150_P4B06,,,,TAGGCATG,,ATAGAGAG,VLTE_B1_WGS,SUB09146,milo.s.johnson.13@gmail.com,genomic
P4_10150_C06_G10150_P4C06,P4_10150_C06_G10150_P4C06,,,,TAGGCATG,,AGAGGATA,VLTE_B1_WGS,SUB09146,milo.s.johnson.13@gmail.com,genomic
P4_10150_G06_G10150_P4G06,P4_10150_G06_G10150_P4G06,,,,TAGGCATG,,TACTCCTT,VLTE_B1_WGS,SUB09146,milo.s.johnson.13@gmail.com,genomic
P4_10150_H06_G10150_P4H06,P4_10150_H06_G10150_P4H06,,,,TAGGCATG,,AGGCTTAG,VLTE_B1_WGS,SUB09146,milo.s.johnson.13@gmail.com,genomic
P4_10150_A07_G10150_P4A07,P4_10150_A07_G10150_P4A07,,,,CTCTCTAC,,GCGATCTA,VLTE_B1_WGS,SUB09146,milo.s.johnson.13@gmail.com,genomic
P4_10150_B07_G10150_P4B07,P4_10150_B07_G10150_P4B07,,,,CTCTCTAC,,ATAGAGAG,VLTE_B1_WGS,SUB09146,milo.s.johnson.13@gmail.com,genomic
P4_10150_C07_G10150_P4C07,P4_10150_C07_G10150_P4C07,,,,CTCTCTAC,,AGAGGATA,VLTE_B1_WGS,SUB09146,milo.s.johnson.13@gmail.com,genomic
P4_10150_F07_G10150_P4F07,P4_10150_F07_G10150_P4F07,,,,CTCTCTAC,,TATGCAGT,VLTE_B1_WGS,SUB09146,milo.s.johnson.13@gmail.com,genomic
P4_10150_G07_G10150_P4G07,P4_10150_G07_G10150_P4G07,,,,CTCTCTAC,,TACTCCTT,VLTE_B1_WGS,SUB09146,milo.s.johnson.13@gmail.com,genomic
P4_10150_H07_G10150_P4H07,P4_10150_H07_G10150_P4H07,,,,CTCTCTAC,,AGGCTTAG,VLTE_B1_WGS,SUB09146,milo.s.johnson.13@gmail.com,genomic
P4_10150_A08_G10150_P4A08,P4_10150_A08_G10150_P4A08,,,,CAGAGAGG,,GCGATCTA,VLTE_B1_WGS,SUB09146,milo.s.johnson.13@gmail.com,genomic
P4_10150_B08_G10150_P4B08,P4_10150_B08_G10150_P4B08,,,,CAGAGAGG,,ATAGAGAG,VLTE_B1_WGS,SUB09146,milo.s.johnson.13@gmail.com,genomic
P4_10150_C08_G10150_P4C08,P4_10150_C08_G10150_P4C08,,,,CAGAGAGG,,AGAGGATA,VLTE_B1_WGS,SUB09146,milo.s.johnson.13@gmail.com,genomic
P4_10150_D08_G10150_P4D08,P4_10150_D08_G10150_P4D08,,,,CAGAGAGG,,TCTACTCT,VLTE_B1_WGS,SUB09146,milo.s.johnson.13@gmail.com,genomic
P4_10150_E08_G10150_P4E08,P4_10150_E08_G10150_P4E08,,,,CAGAGAGG,,CTCCTTAC,VLTE_B1_WGS,SUB09146,milo.s.johnson.13@gmail.com,genomic
P4_10150_F08_G10150_P4F08,P4_10150_F08_G10150_P4F08,,,,CAGAGAGG,,TATGCAGT,VLTE_B1_WGS,SUB09146,milo.s.johnson.13@gmail.com,genomic
P4_10150_G08_G10150_P4G08,P4_10150_G08_G10150_P4G08,,,,CAGAGAGG,,TACTCCTT,VLTE_B1_WGS,SUB09146,milo.s.johnson.13@gmail.com,genomic
P4_10150_H08_G10150_P4H08,P4_10150_H08_G10150_P4H08,,,,CAGAGAGG,,AGGCTTAG,VLTE_B1_WGS,SUB09146,milo.s.johnson.13@gmail.com,genomic
P4_10150_A09_G10150_P4A09,P4_10150_A09_G10150_P4A09,,,,GCTACGCT,,GCGATCTA,VLTE_B1_WGS,SUB09146,milo.s.johnson.13@gmail.com,genomic
P4_10150_B09_G10150_P4B09,P4_10150_B09_G10150_P4B09,,,,GCTACGCT,,ATAGAGAG,VLTE_B1_WGS,SUB09146,milo.s.johnson.13@gmail.com,genomic
P4_10150_C09_G10150_P4C09,P4_10150_C09_G10150_P4C09,,,,GCTACGCT,,AGAGGATA,VLTE_B1_WGS,SUB09146,milo.s.johnson.13@gmail.com,genomic
P4_10150_D09_G10150_P4D09,P4_10150_D09_G10150_P4D09,,,,GCTACGCT,,TCTACTCT,VLTE_B1_WGS,SUB09146,milo.s.johnson.13@gmail.com,genomic
P4_10150_E09_G10150_P4E09,P4_10150_E09_G10150_P4E09,,,,GCTACGCT,,CTCCTTAC,VLTE_B1_WGS,SUB09146,milo.s.johnson.13@gmail.com,genomic
P4_10150_F09_G10150_P4F09,P4_10150_F09_G10150_P4F09,,,,GCTACGCT,,TATGCAGT,VLTE_B1_WGS,SUB09146,milo.s.johnson.13@gmail.com,genomic
P4_10150_G09_G10150_P4G09,P4_10150_G09_G10150_P4G09,,,,GCTACGCT,,TACTCCTT,VLTE_B1_WGS,SUB09146,milo.s.johnson.13@gmail.com,genomic
P4_10150_H09_G10150_P4H09,P4_10150_H09_G10150_P4H09,,,,GCTACGCT,,AGGCTTAG,VLTE_B1_WGS,SUB09146,milo.s.johnson.13@gmail.com,genomic
P4_10150_B10_G10150_P4B10,P4_10150_B10_G10150_P4B10,,,,CGAGGCTG,,ATAGAGAG,VLTE_B1_WGS,SUB09146,milo.s.johnson.13@gmail.com,genomic
P4_10150_C10_G10150_P4C10,P4_10150_C10_G10150_P4C10,,,,CGAGGCTG,,AGAGGATA,VLTE_B1_WGS,SUB09146,milo.s.johnson.13@gmail.com,genomic
P4_10150_D10_G10150_P4D10,P4_10150_D10_G10150_P4D10,,,,CGAGGCTG,,TCTACTCT,VLTE_B1_WGS,SUB09146,milo.s.johnson.13@gmail.com,genomic
P4_10150_E10_G10150_P4E10,P4_10150_E10_G10150_P4E10,,,,CGAGGCTG,,CTCCTTAC,VLTE_B1_WGS,SUB09146,milo.s.johnson.13@gmail.com,genomic
P4_10150_F10_G10150_P4F10,P4_10150_F10_G10150_P4F10,,,,CGAGGCTG,,TATGCAGT,VLTE_B1_WGS,SUB09146,milo.s.johnson.13@gmail.com,genomic
P4_10150_G10_G10150_P4G10,P4_10150_G10_G10150_P4G10,,,,CGAGGCTG,,TACTCCTT,VLTE_B1_WGS,SUB09146,milo.s.johnson.13@gmail.com,genomic
P4_10150_H10_G10150_P4H10,P4_10150_H10_G10150_P4H10,,,,CGAGGCTG,,AGGCTTAG,VLTE_B1_WGS,SUB09146,milo.s.johnson.13@gmail.com,genomic
P4_10150_A11_G10150_P4A11,P4_10150_A11_G10150_P4A11,,,,AAGAGGCA,,GCGATCTA,VLTE_B1_WGS,SUB09146,milo.s.johnson.13@gmail.com,genomic
P4_10150_B11_G10150_P4B11,P4_10150_B11_G10150_P4B11,,,,AAGAGGCA,,ATAGAGAG,VLTE_B1_WGS,SUB09146,milo.s.johnson.13@gmail.com,genomic
P4_10150_C11_G10150_P4C11,P4_10150_C11_G10150_P4C11,,,,AAGAGGCA,,AGAGGATA,VLTE_B1_WGS,SUB09146,milo.s.johnson.13@gmail.com,genomic
P4_10150_D11_G10150_P4D11,P4_10150_D11_G10150_P4D11,,,,AAGAGGCA,,TCTACTCT,VLTE_B1_WGS,SUB09146,milo.s.johnson.13@gmail.com,genomic
P4_10150_E11_G10150_P4E11,P4_10150_E11_G10150_P4E11,,,,AAGAGGCA,,CTCCTTAC,VLTE_B1_WGS,SUB09146,milo.s.johnson.13@gmail.com,genomic
P4_10150_F11_G10150_P4F11,P4_10150_F11_G10150_P4F11,,,,AAGAGGCA,,TATGCAGT,VLTE_B1_WGS,SUB09146,milo.s.johnson.13@gmail.com,genomic
P4_10150_G11_G10150_P4G11,P4_10150_G11_G10150_P4G11,,,,AAGAGGCA,,TACTCCTT,VLTE_B1_WGS,SUB09146,milo.s.johnson.13@gmail.com,genomic
P4_10150_H11_G10150_P4H11,P4_10150_H11_G10150_P4H11,,,,AAGAGGCA,,AGGCTTAG,VLTE_B1_WGS,SUB09146,milo.s.johnson.13@gmail.com,genomic
P4_10150_B12_G10150_P4B12,P4_10150_B12_G10150_P4B12,,,,GTAGAGGA,,ATAGAGAG,VLTE_B1_WGS,SUB09146,milo.s.johnson.13@gmail.com,genomic
P4_10150_C12_G10150_P4C12,P4_10150_C12_G10150_P4C12,,,,GTAGAGGA,,AGAGGATA,VLTE_B1_WGS,SUB09146,milo.s.johnson.13@gmail.com,genomic
P4_10150_D12_G10150_P4D12,P4_10150_D12_G10150_P4D12,,,,GTAGAGGA,,TCTACTCT,VLTE_B1_WGS,SUB09146,milo.s.johnson.13@gmail.com,genomic
P4_10150_E12_G10150_P4E12,P4_10150_E12_G10150_P4E12,,,,GTAGAGGA,,CTCCTTAC,VLTE_B1_WGS,SUB09146,milo.s.johnson.13@gmail.com,genomic
P4_10150_F12_G10150_P4F12,P4_10150_F12_G10150_P4F12,,,,GTAGAGGA,,TATGCAGT,VLTE_B1_WGS,SUB09146,milo.s.johnson.13@gmail.com,genomic
P4_10150_H12_G10150_P4H12,P4_10150_H12_G10150_P4H12,,,,GTAGAGGA,,AGGCTTAG,VLTE_B1_WGS,SUB09146,milo.s.johnson.13@gmail.com,genomic
P1_Foc_B1_seqwellB01_G1410_P1C04,P1_Foc_B1_seqwellB01_G1410_P1C04,,,,ATTGTAAT,,ATAGAGAG,VLTE_B1_WGS,SUB09146,milo.s.johnson.13@gmail.com,genomic
P1_Foc_B1_seqwellC01_G1410_P1G04,P1_Foc_B1_seqwellC01_G1410_P1G04,,,,ATTGTAAT,,AGAGGATA,VLTE_B1_WGS,SUB09146,milo.s.johnson.13@gmail.com,genomic
P1_Foc_B1_seqwellD01_G1410_P1C06,P1_Foc_B1_seqwellD01_G1410_P1C06,,,,ATTGTAAT,,TCTACTCT,VLTE_B1_WGS,SUB09146,milo.s.johnson.13@gmail.com,genomic
P1_Foc_B1_seqwellE01_G1410_P1E04,P1_Foc_B1_seqwellE01_G1410_P1E04,,,,ATTGTAAT,,CTCCTTAC,VLTE_B1_WGS,SUB09146,milo.s.johnson.13@gmail.com,genomic
P1_Foc_B1_seqwellF01_G1410_P1B03,P1_Foc_B1_seqwellF01_G1410_P1B03,,,,ATTGTAAT,,TATGCAGT,VLTE_B1_WGS,SUB09146,milo.s.johnson.13@gmail.com,genomic
P1_Foc_B1_seqwellG01_G1410_P1B04,P1_Foc_B1_seqwellG01_G1410_P1B04,,,,ATTGTAAT,,TACTCCTT,VLTE_B1_WGS,SUB09146,milo.s.johnson.13@gmail.com,genomic
P1_Foc_B1_seqwellA02_G1410_P1C02,P1_Foc_B1_seqwellA02_G1410_P1C02,,,,GATCATTC,,GCGATCTA,VLTE_B1_WGS,SUB09146,milo.s.johnson.13@gmail.com,genomic
P1_Foc_B1_seqwellB02_G1410_P1G05,P1_Foc_B1_seqwellB02_G1410_P1G05,,,,GATCATTC,,ATAGAGAG,VLTE_B1_WGS,SUB09146,milo.s.johnson.13@gmail.com,genomic
P1_Foc_B1_seqwellC02_G1410_P1B02,P1_Foc_B1_seqwellC02_G1410_P1B02,,,,GATCATTC,,AGAGGATA,VLTE_B1_WGS,SUB09146,milo.s.johnson.13@gmail.com,genomic
P1_Foc_B1_seqwellD02_G1410_P1C05,P1_Foc_B1_seqwellD02_G1410_P1C05,,,,GATCATTC,,TCTACTCT,VLTE_B1_WGS,SUB09146,milo.s.johnson.13@gmail.com,genomic
P1_Foc_B1_seqwellE02_G1410_P1D03,P1_Foc_B1_seqwellE02_G1410_P1D03,,,,GATCATTC,,CTCCTTAC,VLTE_B1_WGS,SUB09146,milo.s.johnson.13@gmail.com,genomic
P1_Foc_B1_seqwellF02_G1410_P1F05,P1_Foc_B1_seqwellF02_G1410_P1F05,,,,GATCATTC,,TATGCAGT,VLTE_B1_WGS,SUB09146,milo.s.johnson.13@gmail.com,genomic
P1_Foc_B1_seqwellG02_G1410_P1B11,P1_Foc_B1_seqwellG02_G1410_P1B11,,,,GATCATTC,,TACTCCTT,VLTE_B1_WGS,SUB09146,milo.s.johnson.13@gmail.com,genomic
P1_Foc_B1_seqwellH02_G1410_P1C11,P1_Foc_B1_seqwellH02_G1410_P1C11,,,,GATCATTC,,AGGCTTAG,VLTE_B1_WGS,SUB09146,milo.s.johnson.13@gmail.com,genomic
P1_Foc_B1_seqwellA03_G1410_P1E11,P1_Foc_B1_seqwellA03_G1410_P1E11,,,,ACCGATCG,,GCGATCTA,VLTE_B1_WGS,SUB09146,milo.s.johnson.13@gmail.com,genomic
P1_Foc_B1_seqwellB03_G1410_P1F11,P1_Foc_B1_seqwellB03_G1410_P1F11,,,,ACCGATCG,,ATAGAGAG,VLTE_B1_WGS,SUB09146,milo.s.johnson.13@gmail.com,genomic
P1_Foc_B1_seqwellC03_G1410_P1G11,P1_Foc_B1_seqwellC03_G1410_P1G11,,,,ACCGATCG,,AGAGGATA,VLTE_B1_WGS,SUB09146,milo.s.johnson.13@gmail.com,genomic
P1_Foc_B1_seqwellD03_G1410_P1H11,P1_Foc_B1_seqwellD03_G1410_P1H11,,,,ACCGATCG,,TCTACTCT,VLTE_B1_WGS,SUB09146,milo.s.johnson.13@gmail.com,genomic
P1_Foc_B1_seqwellE03_G1410_P1E09,P1_Foc_B1_seqwellE03_G1410_P1E09,,,,ACCGATCG,,CTCCTTAC,VLTE_B1_WGS,SUB09146,milo.s.johnson.13@gmail.com,genomic
P1_Foc_B1_seqwellF03_G1410_P1B07,P1_Foc_B1_seqwellF03_G1410_P1B07,,,,ACCGATCG,,TATGCAGT,VLTE_B1_WGS,SUB09146,milo.s.johnson.13@gmail.com,genomic
P1_Foc_B1_seqwellG03_G1410_P1C07,P1_Foc_B1_seqwellG03_G1410_P1C07,,,,ACCGATCG,,TACTCCTT,VLTE_B1_WGS,SUB09146,milo.s.johnson.13@gmail.com,genomic
P1_Foc_B1_seqwellH03_G1410_P1G09,P1_Foc_B1_seqwellH03_G1410_P1G09,,,,ACCGATCG,,AGGCTTAG,VLTE_B1_WGS,SUB09146,milo.s.johnson.13@gmail.com,genomic
P1_Foc_B1_seqwellA04_G1410_P1G10,P1_Foc_B1_seqwellA04_G1410_P1G10,,,,CCGTTATT,,GCGATCTA,VLTE_B1_WGS,SUB09146,milo.s.johnson.13@gmail.com,genomic
P1_Foc_B1_seqwellB04_G1410_P1F07,P1_Foc_B1_seqwellB04_G1410_P1F07,,,,CCGTTATT,,ATAGAGAG,VLTE_B1_WGS,SUB09146,milo.s.johnson.13@gmail.com,genomic
P1_Foc_B1_seqwellC04_G1410_P1C09,P1_Foc_B1_seqwellC04_G1410_P1C09,,,,CCGTTATT,,AGAGGATA,VLTE_B1_WGS,SUB09146,milo.s.johnson.13@gmail.com,genomic
P1_Foc_B1_seqwellD04_G1410_P1F08,P1_Foc_B1_seqwellD04_G1410_P1F08,,,,CCGTTATT,,TCTACTCT,VLTE_B1_WGS,SUB09146,milo.s.johnson.13@gmail.com,genomic
P1_Foc_B1_seqwellE04_G1410_P1D09,P1_Foc_B1_seqwellE04_G1410_P1D09,,,,CCGTTATT,,CTCCTTAC,VLTE_B1_WGS,SUB09146,milo.s.johnson.13@gmail.com,genomic
P1_Foc_B1_seqwellF04_G1410_P1C08,P1_Foc_B1_seqwellF04_G1410_P1C08,,,,CCGTTATT,,TATGCAGT,VLTE_B1_WGS,SUB09146,milo.s.johnson.13@gmail.com,genomic
P1_Foc_B1_seqwellG04_G1410_P1F10,P1_Foc_B1_seqwellG04_G1410_P1F10,,,,CCGTTATT,,TACTCCTT,VLTE_B1_WGS,SUB09146,milo.s.johnson.13@gmail.com,genomic
P1_Foc_B1_seqwellH04_G1410_P1G08,P1_Foc_B1_seqwellH04_G1410_P1G08,,,,CCGTTATT,,AGGCTTAG,VLTE_B1_WGS,SUB09146,milo.s.johnson.13@gmail.com,genomic
P1_Foc_B1_seqwellB05_G5150_P1C04,P1_Foc_B1_seqwellB05_G5150_P1C04,,,,TTCTTCTA,,ATAGAGAG,VLTE_B1_WGS,SUB09146,milo.s.johnson.13@gmail.com,genomic
P1_Foc_B1_seqwellC05_G5150_P1G04,P1_Foc_B1_seqwellC05_G5150_P1G04,,,,TTCTTCTA,,AGAGGATA,VLTE_B1_WGS,SUB09146,milo.s.johnson.13@gmail.com,genomic
P1_Foc_B1_seqwellD05_G5150_P1C06,P1_Foc_B1_seqwellD05_G5150_P1C06,,,,TTCTTCTA,,TCTACTCT,VLTE_B1_WGS,SUB09146,milo.s.johnson.13@gmail.com,genomic
P1_Foc_B1_seqwellE05_G5150_P1E04,P1_Foc_B1_seqwellE05_G5150_P1E04,,,,TTCTTCTA,,CTCCTTAC,VLTE_B1_WGS,SUB09146,milo.s.johnson.13@gmail.com,genomic
P1_Foc_B1_seqwellF05_G5150_P1B03,P1_Foc_B1_seqwellF05_G5150_P1B03,,,,TTCTTCTA,,TATGCAGT,VLTE_B1_WGS,SUB09146,milo.s.johnson.13@gmail.com,genomic
P1_Foc_B1_seqwellG05_G5150_P1B04,P1_Foc_B1_seqwellG05_G5150_P1B04,,,,TTCTTCTA,,TACTCCTT,VLTE_B1_WGS,SUB09146,milo.s.johnson.13@gmail.com,genomic
P1_Foc_B1_seqwellA06_G5150_P1C02,P1_Foc_B1_seqwellA06_G5150_P1C02,,,,TACCTGAC,,GCGATCTA,VLTE_B1_WGS,SUB09146,milo.s.johnson.13@gmail.com,genomic
P1_Foc_B1_seqwellB06_G5150_P1G05,P1_Foc_B1_seqwellB06_G5150_P1G05,,,,TACCTGAC,,ATAGAGAG,VLTE_B1_WGS,SUB09146,milo.s.johnson.13@gmail.com,genomic
P1_Foc_B1_seqwellC06_G5150_P1B02,P1_Foc_B1_seqwellC06_G5150_P1B02,,,,TACCTGAC,,AGAGGATA,VLTE_B1_WGS,SUB09146,milo.s.johnson.13@gmail.com,genomic
P1_Foc_B1_seqwellD06_G5150_P1C05,P1_Foc_B1_seqwellD06_G5150_P1C05,,,,TACCTGAC,,TCTACTCT,VLTE_B1_WGS,SUB09146,milo.s.johnson.13@gmail.com,genomic
P1_Foc_B1_seqwellE06_G5150_P1D03,P1_Foc_B1_seqwellE06_G5150_P1D03,,,,TACCTGAC,,CTCCTTAC,VLTE_B1_WGS,SUB09146,milo.s.johnson.13@gmail.com,genomic
P1_Foc_B1_seqwellF06_G5150_P1F05,P1_Foc_B1_seqwellF06_G5150_P1F05,,,,TACCTGAC,,TATGCAGT,VLTE_B1_WGS,SUB09146,milo.s.johnson.13@gmail.com,genomic
P1_Foc_B1_seqwellG06_G5150_P1B11,P1_Foc_B1_seqwellG06_G5150_P1B11,,,,TACCTGAC,,TACTCCTT,VLTE_B1_WGS,SUB09146,milo.s.johnson.13@gmail.com,genomic
P1_Foc_B1_seqwellH06_G5150_P1C11,P1_Foc_B1_seqwellH06_G5150_P1C11,,,,TACCTGAC,,AGGCTTAG,VLTE_B1_WGS,SUB09146,milo.s.johnson.13@gmail.com,genomic
P1_Foc_B1_seqwellA07_G5150_P1E11,P1_Foc_B1_seqwellA07_G5150_P1E11,,,,AGGACCGC,,GCGATCTA,VLTE_B1_WGS,SUB09146,milo.s.johnson.13@gmail.com,genomic
P1_Foc_B1_seqwellB07_G5150_P1F11,P1_Foc_B1_seqwellB07_G5150_P1F11,,,,AGGACCGC,,ATAGAGAG,VLTE_B1_WGS,SUB09146,milo.s.johnson.13@gmail.com,genomic
P1_Foc_B1_seqwellC07_G5150_P1G11,P1_Foc_B1_seqwellC07_G5150_P1G11,,,,AGGACCGC,,AGAGGATA,VLTE_B1_WGS,SUB09146,milo.s.johnson.13@gmail.com,genomic
P1_Foc_B1_seqwellD07_G5150_P1H11,P1_Foc_B1_seqwellD07_G5150_P1H11,,,,AGGACCGC,,TCTACTCT,VLTE_B1_WGS,SUB09146,milo.s.johnson.13@gmail.com,genomic
P1_Foc_B1_seqwellE07_G5150_P1E09,P1_Foc_B1_seqwellE07_G5150_P1E09,,,,AGGACCGC,,CTCCTTAC,VLTE_B1_WGS,SUB09146,milo.s.johnson.13@gmail.com,genomic
P1_Foc_B1_seqwellF07_G5150_P1B07,P1_Foc_B1_seqwellF07_G5150_P1B07,,,,AGGACCGC,,TATGCAGT,VLTE_B1_WGS,SUB09146,milo.s.johnson.13@gmail.com,genomic
P1_Foc_B1_seqwellG07_G5150_P1C07,P1_Foc_B1_seqwellG07_G5150_P1C07,,,,AGGACCGC,,TACTCCTT,VLTE_B1_WGS,SUB09146,milo.s.johnson.13@gmail.com,genomic
P1_Foc_B1_seqwellH07_G5150_P1G09,P1_Foc_B1_seqwellH07_G5150_P1G09,,,,AGGACCGC,,AGGCTTAG,VLTE_B1_WGS,SUB09146,milo.s.johnson.13@gmail.com,genomic
P1_Foc_B1_seqwellA08_G5150_P1G10,P1_Foc_B1_seqwellA08_G5150_P1G10,,,,GTCCGATT,,GCGATCTA,VLTE_B1_WGS,SUB09146,milo.s.johnson.13@gmail.com,genomic
P1_Foc_B1_seqwellB08_G5150_P1F07,P1_Foc_B1_seqwellB08_G5150_P1F07,,,,GTCCGATT,,ATAGAGAG,VLTE_B1_WGS,SUB09146,milo.s.johnson.13@gmail.com,genomic
P1_Foc_B1_seqwellC08_G5150_P1C09,P1_Foc_B1_seqwellC08_G5150_P1C09,,,,GTCCGATT,,AGAGGATA,VLTE_B1_WGS,SUB09146,milo.s.johnson.13@gmail.com,genomic
P1_Foc_B1_seqwellD08_G5150_P1F08,P1_Foc_B1_seqwellD08_G5150_P1F08,,,,GTCCGATT,,TCTACTCT,VLTE_B1_WGS,SUB09146,milo.s.johnson.13@gmail.com,genomic
P1_Foc_B1_seqwellE08_G5150_P1D09,P1_Foc_B1_seqwellE08_G5150_P1D09,,,,GTCCGATT,,CTCCTTAC,VLTE_B1_WGS,SUB09146,milo.s.johnson.13@gmail.com,genomic
P1_Foc_B1_seqwellF08_G5150_P1C08,P1_Foc_B1_seqwellF08_G5150_P1C08,,,,GTCCGATT,,TATGCAGT,VLTE_B1_WGS,SUB09146,milo.s.johnson.13@gmail.com,genomic
P1_Foc_B1_seqwellG08_G5150_P1F10,P1_Foc_B1_seqwellG08_G5150_P1F10,,,,GTCCGATT,,TACTCCTT,VLTE_B1_WGS,SUB09146,milo.s.johnson.13@gmail.com,genomic
P1_Foc_B1_seqwellH08_G5150_P1G08,P1_Foc_B1_seqwellH08_G5150_P1G08,,,,GTCCGATT,,AGGCTTAG,VLTE_B1_WGS,SUB09146,milo.s.johnson.13@gmail.com,genomic
P1_Foc_B1_seqwellB09_G10150_P1C04,P1_Foc_B1_seqwellB09_G10150_P1C04,,,,CACGAGTT,,ATAGAGAG,VLTE_B1_WGS,SUB09146,milo.s.johnson.13@gmail.com,genomic
P1_Foc_B1_seqwellC09_G10150_P1G04,P1_Foc_B1_seqwellC09_G10150_P1G04,,,,CACGAGTT,,AGAGGATA,VLTE_B1_WGS,SUB09146,milo.s.johnson.13@gmail.com,genomic
P1_Foc_B1_seqwellD09_G10150_P1C06,P1_Foc_B1_seqwellD09_G10150_P1C06,,,,CACGAGTT,,TCTACTCT,VLTE_B1_WGS,SUB09146,milo.s.johnson.13@gmail.com,genomic
P1_Foc_B1_seqwellE09_G10150_P1E04,P1_Foc_B1_seqwellE09_G10150_P1E04,,,,CACGAGTT,,CTCCTTAC,VLTE_B1_WGS,SUB09146,milo.s.johnson.13@gmail.com,genomic
P1_Foc_B1_seqwellF09_G10150_P1B03,P1_Foc_B1_seqwellF09_G10150_P1B03,,,,CACGAGTT,,TATGCAGT,VLTE_B1_WGS,SUB09146,milo.s.johnson.13@gmail.com,genomic
P1_Foc_B1_seqwellG09_G10150_P1B04,P1_Foc_B1_seqwellG09_G10150_P1B04,,,,CACGAGTT,,TACTCCTT,VLTE_B1_WGS,SUB09146,milo.s.johnson.13@gmail.com,genomic
P1_Foc_B1_seqwellA10_G10150_P1C02,P1_Foc_B1_seqwellA10_G10150_P1C02,,,,CCACGGCC,,GCGATCTA,VLTE_B1_WGS,SUB09146,milo.s.johnson.13@gmail.com,genomic
P1_Foc_B1_seqwellB10_G10150_P1G05,P1_Foc_B1_seqwellB10_G10150_P1G05,,,,CCACGGCC,,ATAGAGAG,VLTE_B1_WGS,SUB09146,milo.s.johnson.13@gmail.com,genomic
P1_Foc_B1_seqwellC10_G10150_P1B02,P1_Foc_B1_seqwellC10_G10150_P1B02,,,,CCACGGCC,,AGAGGATA,VLTE_B1_WGS,SUB09146,milo.s.johnson.13@gmail.com,genomic
P1_Foc_B1_seqwellD10_G10150_P1C05,P1_Foc_B1_seqwellD10_G10150_P1C05,,,,CCACGGCC,,TCTACTCT,VLTE_B1_WGS,SUB09146,milo.s.johnson.13@gmail.com,genomic
P1_Foc_B1_seqwellE10_G10150_P1D03,P1_Foc_B1_seqwellE10_G10150_P1D03,,,,CCACGGCC,,CTCCTTAC,VLTE_B1_WGS,SUB09146,milo.s.johnson.13@gmail.com,genomic
P1_Foc_B1_seqwellF10_G10150_P1F05,P1_Foc_B1_seqwellF10_G10150_P1F05,,,,CCACGGCC,,TATGCAGT,VLTE_B1_WGS,SUB09146,milo.s.johnson.13@gmail.com,genomic
P1_Foc_B1_seqwellG10_G10150_P1B11,P1_Foc_B1_seqwellG10_G10150_P1B11,,,,CCACGGCC,,TACTCCTT,VLTE_B1_WGS,SUB09146,milo.s.johnson.13@gmail.com,genomic
P1_Foc_B1_seqwellH10_G10150_P1C11,P1_Foc_B1_seqwellH10_G10150_P1C11,,,,CCACGGCC,,AGGCTTAG,VLTE_B1_WGS,SUB09146,milo.s.johnson.13@gmail.com,genomic
P1_Foc_B1_seqwellA11_G10150_P1E11,P1_Foc_B1_seqwellA11_G10150_P1E11,,,,ACATGTAA,,GCGATCTA,VLTE_B1_WGS,SUB09146,milo.s.johnson.13@gmail.com,genomic
P1_Foc_B1_seqwellB11_G10150_P1F11,P1_Foc_B1_seqwellB11_G10150_P1F11,,,,ACATGTAA,,ATAGAGAG,VLTE_B1_WGS,SUB09146,milo.s.johnson.13@gmail.com,genomic
P1_Foc_B1_seqwellC11_G10150_P1G11,P1_Foc_B1_seqwellC11_G10150_P1G11,,,,ACATGTAA,,AGAGGATA,VLTE_B1_WGS,SUB09146,milo.s.johnson.13@gmail.com,genomic
P1_Foc_B1_seqwellD11_G10150_P1H11,P1_Foc_B1_seqwellD11_G10150_P1H11,,,,ACATGTAA,,TCTACTCT,VLTE_B1_WGS,SUB09146,milo.s.johnson.13@gmail.com,genomic
P1_Foc_B1_seqwellE11_G10150_P1E09,P1_Foc_B1_seqwellE11_G10150_P1E09,,,,ACATGTAA,,CTCCTTAC,VLTE_B1_WGS,SUB09146,milo.s.johnson.13@gmail.com,genomic
P1_Foc_B1_seqwellF11_G10150_P1B07,P1_Foc_B1_seqwellF11_G10150_P1B07,,,,ACATGTAA,,TATGCAGT,VLTE_B1_WGS,SUB09146,milo.s.johnson.13@gmail.com,genomic
P1_Foc_B1_seqwellG11_G10150_P1C07,P1_Foc_B1_seqwellG11_G10150_P1C07,,,,ACATGTAA,,TACTCCTT,VLTE_B1_WGS,SUB09146,milo.s.johnson.13@gmail.com,genomic
P1_Foc_B1_seqwellH11_G10150_P1G09,P1_Foc_B1_seqwellH11_G10150_P1G09,,,,ACATGTAA,,AGGCTTAG,VLTE_B1_WGS,SUB09146,milo.s.johnson.13@gmail.com,genomic
P1_Foc_B1_seqwellA12_G10150_P1G10,P1_Foc_B1_seqwellA12_G10150_P1G10,,,,TGTTAACT,,GCGATCTA,VLTE_B1_WGS,SUB09146,milo.s.johnson.13@gmail.com,genomic
P1_Foc_B1_seqwellB12_G10150_P1F07,P1_Foc_B1_seqwellB12_G10150_P1F07,,,,TGTTAACT,,ATAGAGAG,VLTE_B1_WGS,SUB09146,milo.s.johnson.13@gmail.com,genomic
P1_Foc_B1_seqwellC12_G10150_P1C09,P1_Foc_B1_seqwellC12_G10150_P1C09,,,,TGTTAACT,,AGAGGATA,VLTE_B1_WGS,SUB09146,milo.s.johnson.13@gmail.com,genomic
P1_Foc_B1_seqwellD12_G10150_P1F08,P1_Foc_B1_seqwellD12_G10150_P1F08,,,,TGTTAACT,,TCTACTCT,VLTE_B1_WGS,SUB09146,milo.s.johnson.13@gmail.com,genomic
P1_Foc_B1_seqwellE12_G10150_P1D09,P1_Foc_B1_seqwellE12_G10150_P1D09,,,,TGTTAACT,,CTCCTTAC,VLTE_B1_WGS,SUB09146,milo.s.johnson.13@gmail.com,genomic
P1_Foc_B1_seqwellF12_G10150_P1C08,P1_Foc_B1_seqwellF12_G10150_P1C08,,,,TGTTAACT,,TATGCAGT,VLTE_B1_WGS,SUB09146,milo.s.johnson.13@gmail.com,genomic
P1_Foc_B1_seqwellG12_G10150_P1F10,P1_Foc_B1_seqwellG12_G10150_P1F10,,,,TGTTAACT,,TACTCCTT,VLTE_B1_WGS,SUB09146,milo.s.johnson.13@gmail.com,genomic
P1_Foc_B1_seqwellH12_G10150_P1G08,P1_Foc_B1_seqwellH12_G10150_P1G08,,,,TGTTAACT,,AGGCTTAG,VLTE_B1_WGS,SUB09146,milo.s.johnson.13@gmail.com,genomic
P3_Foc_B1_seqwellB01_G1410_P3D03,P3_Foc_B1_seqwellB01_G1410_P3D03,,,,TAAGGCGA,,GTCTGAGG,VLTE_B1_WGS,SUB09146,milo.s.johnson.13@gmail.com,genomic
P3_Foc_B1_seqwellC01_G1410_P3D02,P3_Foc_B1_seqwellC01_G1410_P3D02,,,,TAAGGCGA,,CGTAAGGA,VLTE_B1_WGS,SUB09146,milo.s.johnson.13@gmail.com,genomic
P3_Foc_B1_seqwellD01_G1410_P3F05,P3_Foc_B1_seqwellD01_G1410_P3F05,,,,TAAGGCGA,,CCACGCGT,VLTE_B1_WGS,SUB09146,milo.s.johnson.13@gmail.com,genomic
P3_Foc_B1_seqwellE01_G1410_P3F03,P3_Foc_B1_seqwellE01_G1410_P3F03,,,,TAAGGCGA,,GGAGTTCC,VLTE_B1_WGS,SUB09146,milo.s.johnson.13@gmail.com,genomic
P3_Foc_B1_seqwellF01_G1410_P3G05,P3_Foc_B1_seqwellF01_G1410_P3G05,,,,TAAGGCGA,,CATGGCCA,VLTE_B1_WGS,SUB09146,milo.s.johnson.13@gmail.com,genomic
P3_Foc_B1_seqwellG01_G1410_P3G02,P3_Foc_B1_seqwellG01_G1410_P3G02,,,,TAAGGCGA,,AATCTCTC,VLTE_B1_WGS,SUB09146,milo.s.johnson.13@gmail.com,genomic
P3_Foc_B1_seqwellA02_G1410_P3C05,P3_Foc_B1_seqwellA02_G1410_P3C05,,,,CGTACTAG,,GAGTAGCC,VLTE_B1_WGS,SUB09146,milo.s.johnson.13@gmail.com,genomic
P3_Foc_B1_seqwellB02_G1410_P3C04,P3_Foc_B1_seqwellB02_G1410_P3C04,,,,CGTACTAG,,GTCTGAGG,VLTE_B1_WGS,SUB09146,milo.s.johnson.13@gmail.com,genomic
P3_Foc_B1_seqwellC02_G1410_P3D05,P3_Foc_B1_seqwellC02_G1410_P3D05,,,,CGTACTAG,,CGTAAGGA,VLTE_B1_WGS,SUB09146,milo.s.johnson.13@gmail.com,genomic
P3_Foc_B1_seqwellD02_G1410_P3C03,P3_Foc_B1_seqwellD02_G1410_P3C03,,,,CGTACTAG,,CCACGCGT,VLTE_B1_WGS,SUB09146,milo.s.johnson.13@gmail.com,genomic
P3_Foc_B1_seqwellE02_G1410_P3G06,P3_Foc_B1_seqwellE02_G1410_P3G06,,,,CGTACTAG,,GGAGTTCC,VLTE_B1_WGS,SUB09146,milo.s.johnson.13@gmail.com,genomic
P3_Foc_B1_seqwellF02_G1410_P3E02,P3_Foc_B1_seqwellF02_G1410_P3E02,,,,CGTACTAG,,CATGGCCA,VLTE_B1_WGS,SUB09146,milo.s.johnson.13@gmail.com,genomic
P3_Foc_B1_seqwellG02_G1410_P3B11,P3_Foc_B1_seqwellG02_G1410_P3B11,,,,CGTACTAG,,AATCTCTC,VLTE_B1_WGS,SUB09146,milo.s.johnson.13@gmail.com,genomic
P3_Foc_B1_seqwellH02_G1410_P3C11,P3_Foc_B1_seqwellH02_G1410_P3C11,,,,CGTACTAG,,TAACCGCG,VLTE_B1_WGS,SUB09146,milo.s.johnson.13@gmail.com,genomic
P3_Foc_B1_seqwellA03_G1410_P3D11,P3_Foc_B1_seqwellA03_G1410_P3D11,,,,AGGCAGAA,,GAGTAGCC,VLTE_B1_WGS,SUB09146,milo.s.johnson.13@gmail.com,genomic
P3_Foc_B1_seqwellB03_G1410_P3E11,P3_Foc_B1_seqwellB03_G1410_P3E11,,,,AGGCAGAA,,GTCTGAGG,VLTE_B1_WGS,SUB09146,milo.s.johnson.13@gmail.com,genomic
P3_Foc_B1_seqwellC03_G1410_P3F11,P3_Foc_B1_seqwellC03_G1410_P3F11,,,,AGGCAGAA,,CGTAAGGA,VLTE_B1_WGS,SUB09146,milo.s.johnson.13@gmail.com,genomic
P3_Foc_B1_seqwellD03_G1410_P3G11,P3_Foc_B1_seqwellD03_G1410_P3G11,,,,AGGCAGAA,,CCACGCGT,VLTE_B1_WGS,SUB09146,milo.s.johnson.13@gmail.com,genomic
P3_Foc_B1_seqwellE03_G1410_P3F07,P3_Foc_B1_seqwellE03_G1410_P3F07,,,,AGGCAGAA,,GGAGTTCC,VLTE_B1_WGS,SUB09146,milo.s.johnson.13@gmail.com,genomic
P3_Foc_B1_seqwellF03_G1410_P3F09,P3_Foc_B1_seqwellF03_G1410_P3F09,,,,AGGCAGAA,,CATGGCCA,VLTE_B1_WGS,SUB09146,milo.s.johnson.13@gmail.com,genomic
P3_Foc_B1_seqwellG03_G1410_P3G09,P3_Foc_B1_seqwellG03_G1410_P3G09,,,,AGGCAGAA,,AATCTCTC,VLTE_B1_WGS,SUB09146,milo.s.johnson.13@gmail.com,genomic
P3_Foc_B1_seqwellH03_G1410_P3B10,P3_Foc_B1_seqwellH03_G1410_P3B10,,,,AGGCAGAA,,TAACCGCG,VLTE_B1_WGS,SUB09146,milo.s.johnson.13@gmail.com,genomic
P3_Foc_B1_seqwellA04_G1410_P3D10,P3_Foc_B1_seqwellA04_G1410_P3D10,,,,TCCTGAGC,,GAGTAGCC,VLTE_B1_WGS,SUB09146,milo.s.johnson.13@gmail.com,genomic
P3_Foc_B1_seqwellB04_G1410_P3B08,P3_Foc_B1_seqwellB04_G1410_P3B08,,,,TCCTGAGC,,GTCTGAGG,VLTE_B1_WGS,SUB09146,milo.s.johnson.13@gmail.com,genomic
P3_Foc_B1_seqwellC04_G1410_P3C07,P3_Foc_B1_seqwellC04_G1410_P3C07,,,,TCCTGAGC,,CGTAAGGA,VLTE_B1_WGS,SUB09146,milo.s.johnson.13@gmail.com,genomic
P3_Foc_B1_seqwellD04_G1410_P3B07,P3_Foc_B1_seqwellD04_G1410_P3B07,,,,TCCTGAGC,,CCACGCGT,VLTE_B1_WGS,SUB09146,milo.s.johnson.13@gmail.com,genomic
P3_Foc_B1_seqwellE04_G1410_P3E08,P3_Foc_B1_seqwellE04_G1410_P3E08,,,,TCCTGAGC,,GGAGTTCC,VLTE_B1_WGS,SUB09146,milo.s.johnson.13@gmail.com,genomic
P3_Foc_B1_seqwellF04_G1410_P3G10,P3_Foc_B1_seqwellF04_G1410_P3G10,,,,TCCTGAGC,,CATGGCCA,VLTE_B1_WGS,SUB09146,milo.s.johnson.13@gmail.com,genomic
P3_Foc_B1_seqwellG04_G1410_P3C10,P3_Foc_B1_seqwellG04_G1410_P3C10,,,,TCCTGAGC,,AATCTCTC,VLTE_B1_WGS,SUB09146,milo.s.johnson.13@gmail.com,genomic
P3_Foc_B1_seqwellH04_G1410_P3D09,P3_Foc_B1_seqwellH04_G1410_P3D09,,,,TCCTGAGC,,TAACCGCG,VLTE_B1_WGS,SUB09146,milo.s.johnson.13@gmail.com,genomic
P3_Foc_B1_seqwellB05_G5150_P3D03,P3_Foc_B1_seqwellB05_G5150_P3D03,,,,GGACTCCT,,GTCTGAGG,VLTE_B1_WGS,SUB09146,milo.s.johnson.13@gmail.com,genomic
P3_Foc_B1_seqwellC05_G5150_P3D02,P3_Foc_B1_seqwellC05_G5150_P3D02,,,,GGACTCCT,,CGTAAGGA,VLTE_B1_WGS,SUB09146,milo.s.johnson.13@gmail.com,genomic
P3_Foc_B1_seqwellD05_G5150_P3F05,P3_Foc_B1_seqwellD05_G5150_P3F05,,,,GGACTCCT,,CCACGCGT,VLTE_B1_WGS,SUB09146,milo.s.johnson.13@gmail.com,genomic
P3_Foc_B1_seqwellE05_G5150_P3F03,P3_Foc_B1_seqwellE05_G5150_P3F03,,,,GGACTCCT,,GGAGTTCC,VLTE_B1_WGS,SUB09146,milo.s.johnson.13@gmail.com,genomic
P3_Foc_B1_seqwellF05_G5150_P3G05,P3_Foc_B1_seqwellF05_G5150_P3G05,,,,GGACTCCT,,CATGGCCA,VLTE_B1_WGS,SUB09146,milo.s.johnson.13@gmail.com,genomic
P3_Foc_B1_seqwellG05_G5150_P3G02,P3_Foc_B1_seqwellG05_G5150_P3G02,,,,GGACTCCT,,AATCTCTC,VLTE_B1_WGS,SUB09146,milo.s.johnson.13@gmail.com,genomic
P3_Foc_B1_seqwellA06_G5150_P3C05,P3_Foc_B1_seqwellA06_G5150_P3C05,,,,TAGGCATG,,GAGTAGCC,VLTE_B1_WGS,SUB09146,milo.s.johnson.13@gmail.com,genomic
P3_Foc_B1_seqwellB06_G5150_P3C04,P3_Foc_B1_seqwellB06_G5150_P3C04,,,,TAGGCATG,,GTCTGAGG,VLTE_B1_WGS,SUB09146,milo.s.johnson.13@gmail.com,genomic
P3_Foc_B1_seqwellC06_G5150_P3D05,P3_Foc_B1_seqwellC06_G5150_P3D05,,,,TAGGCATG,,CGTAAGGA,VLTE_B1_WGS,SUB09146,milo.s.johnson.13@gmail.com,genomic
P3_Foc_B1_seqwellD06_G5150_P3C03,P3_Foc_B1_seqwellD06_G5150_P3C03,,,,TAGGCATG,,CCACGCGT,VLTE_B1_WGS,SUB09146,milo.s.johnson.13@gmail.com,genomic
P3_Foc_B1_seqwellE06_G5150_P3G06,P3_Foc_B1_seqwellE06_G5150_P3G06,,,,TAGGCATG,,GGAGTTCC,VLTE_B1_WGS,SUB09146,milo.s.johnson.13@gmail.com,genomic
P3_Foc_B1_seqwellF06_G5150_P3E02,P3_Foc_B1_seqwellF06_G5150_P3E02,,,,TAGGCATG,,CATGGCCA,VLTE_B1_WGS,SUB09146,milo.s.johnson.13@gmail.com,genomic
P3_Foc_B1_seqwellG06_G5150_P3B11,P3_Foc_B1_seqwellG06_G5150_P3B11,,,,TAGGCATG,,AATCTCTC,VLTE_B1_WGS,SUB09146,milo.s.johnson.13@gmail.com,genomic
P3_Foc_B1_seqwellH06_G5150_P3C11,P3_Foc_B1_seqwellH06_G5150_P3C11,,,,TAGGCATG,,TAACCGCG,VLTE_B1_WGS,SUB09146,milo.s.johnson.13@gmail.com,genomic
P3_Foc_B1_seqwellA07_G5150_P3D11,P3_Foc_B1_seqwellA07_G5150_P3D11,,,,CTCTCTAC,,GAGTAGCC,VLTE_B1_WGS,SUB09146,milo.s.johnson.13@gmail.com,genomic
P3_Foc_B1_seqwellB07_G5150_P3E11,P3_Foc_B1_seqwellB07_G5150_P3E11,,,,CTCTCTAC,,GTCTGAGG,VLTE_B1_WGS,SUB09146,milo.s.johnson.13@gmail.com,genomic
P3_Foc_B1_seqwellC07_G5150_P3F11,P3_Foc_B1_seqwellC07_G5150_P3F11,,,,CTCTCTAC,,CGTAAGGA,VLTE_B1_WGS,SUB09146,milo.s.johnson.13@gmail.com,genomic
P3_Foc_B1_seqwellD07_G5150_P3G11,P3_Foc_B1_seqwellD07_G5150_P3G11,,,,CTCTCTAC,,CCACGCGT,VLTE_B1_WGS,SUB09146,milo.s.johnson.13@gmail.com,genomic
P3_Foc_B1_seqwellE07_G5150_P3F07,P3_Foc_B1_seqwellE07_G5150_P3F07,,,,CTCTCTAC,,GGAGTTCC,VLTE_B1_WGS,SUB09146,milo.s.johnson.13@gmail.com,genomic
P3_Foc_B1_seqwellF07_G5150_P3F09,P3_Foc_B1_seqwellF07_G5150_P3F09,,,,CTCTCTAC,,CATGGCCA,VLTE_B1_WGS,SUB09146,milo.s.johnson.13@gmail.com,genomic
P3_Foc_B1_seqwellG07_G5150_P3G09,P3_Foc_B1_seqwellG07_G5150_P3G09,,,,CTCTCTAC,,AATCTCTC,VLTE_B1_WGS,SUB09146,milo.s.johnson.13@gmail.com,genomic
P3_Foc_B1_seqwellH07_G5150_P3B10,P3_Foc_B1_seqwellH07_G5150_P3B10,,,,CTCTCTAC,,TAACCGCG,VLTE_B1_WGS,SUB09146,milo.s.johnson.13@gmail.com,genomic
P3_Foc_B1_seqwellA08_G5150_P3D10,P3_Foc_B1_seqwellA08_G5150_P3D10,,,,CAGAGAGG,,GAGTAGCC,VLTE_B1_WGS,SUB09146,milo.s.johnson.13@gmail.com,genomic
P3_Foc_B1_seqwellB08_G5150_P3B08,P3_Foc_B1_seqwellB08_G5150_P3B08,,,,CAGAGAGG,,GTCTGAGG,VLTE_B1_WGS,SUB09146,milo.s.johnson.13@gmail.com,genomic
P3_Foc_B1_seqwellC08_G5150_P3C07,P3_Foc_B1_seqwellC08_G5150_P3C07,,,,CAGAGAGG,,CGTAAGGA,VLTE_B1_WGS,SUB09146,milo.s.johnson.13@gmail.com,genomic
P3_Foc_B1_seqwellD08_G5150_P3B07,P3_Foc_B1_seqwellD08_G5150_P3B07,,,,CAGAGAGG,,CCACGCGT,VLTE_B1_WGS,SUB09146,milo.s.johnson.13@gmail.com,genomic
P3_Foc_B1_seqwellE08_G5150_P3E08,P3_Foc_B1_seqwellE08_G5150_P3E08,,,,CAGAGAGG,,GGAGTTCC,VLTE_B1_WGS,SUB09146,milo.s.johnson.13@gmail.com,genomic
P3_Foc_B1_seqwellF08_G5150_P3G10,P3_Foc_B1_seqwellF08_G5150_P3G10,,,,CAGAGAGG,,CATGGCCA,VLTE_B1_WGS,SUB09146,milo.s.johnson.13@gmail.com,genomic
P3_Foc_B1_seqwellG08_G5150_P3C10,P3_Foc_B1_seqwellG08_G5150_P3C10,,,,CAGAGAGG,,AATCTCTC,VLTE_B1_WGS,SUB09146,milo.s.johnson.13@gmail.com,genomic
P3_Foc_B1_seqwellH08_G5150_P3D09,P3_Foc_B1_seqwellH08_G5150_P3D09,,,,CAGAGAGG,,TAACCGCG,VLTE_B1_WGS,SUB09146,milo.s.johnson.13@gmail.com,genomic
P3_Foc_B1_seqwellB09_G10150_P3D03,P3_Foc_B1_seqwellB09_G10150_P3D03,,,,GCTACGCT,,GTCTGAGG,VLTE_B1_WGS,SUB09146,milo.s.johnson.13@gmail.com,genomic
P3_Foc_B1_seqwellC09_G10150_P3D02,P3_Foc_B1_seqwellC09_G10150_P3D02,,,,GCTACGCT,,CGTAAGGA,VLTE_B1_WGS,SUB09146,milo.s.johnson.13@gmail.com,genomic
P3_Foc_B1_seqwellD09_G10150_P3F05,P3_Foc_B1_seqwellD09_G10150_P3F05,,,,GCTACGCT,,CCACGCGT,VLTE_B1_WGS,SUB09146,milo.s.johnson.13@gmail.com,genomic
P3_Foc_B1_seqwellE09_G10150_P3F03,P3_Foc_B1_seqwellE09_G10150_P3F03,,,,GCTACGCT,,GGAGTTCC,VLTE_B1_WGS,SUB09146,milo.s.johnson.13@gmail.com,genomic
P3_Foc_B1_seqwellF09_G10150_P3G05,P3_Foc_B1_seqwellF09_G10150_P3G05,,,,GCTACGCT,,CATGGCCA,VLTE_B1_WGS,SUB09146,milo.s.johnson.13@gmail.com,genomic
P3_Foc_B1_seqwellG09_G10150_P3G02,P3_Foc_B1_seqwellG09_G10150_P3G02,,,,GCTACGCT,,AATCTCTC,VLTE_B1_WGS,SUB09146,milo.s.johnson.13@gmail.com,genomic
P3_Foc_B1_seqwellA10_G10150_P3C05,P3_Foc_B1_seqwellA10_G10150_P3C05,,,,CGAGGCTG,,GAGTAGCC,VLTE_B1_WGS,SUB09146,milo.s.johnson.13@gmail.com,genomic
P3_Foc_B1_seqwellB10_G10150_P3C04,P3_Foc_B1_seqwellB10_G10150_P3C04,,,,CGAGGCTG,,GTCTGAGG,VLTE_B1_WGS,SUB09146,milo.s.johnson.13@gmail.com,genomic
P3_Foc_B1_seqwellC10_G10150_P3D05,P3_Foc_B1_seqwellC10_G10150_P3D05,,,,CGAGGCTG,,CGTAAGGA,VLTE_B1_WGS,SUB09146,milo.s.johnson.13@gmail.com,genomic
P3_Foc_B1_seqwellD10_G10150_P3C03,P3_Foc_B1_seqwellD10_G10150_P3C03,,,,CGAGGCTG,,CCACGCGT,VLTE_B1_WGS,SUB09146,milo.s.johnson.13@gmail.com,genomic
P3_Foc_B1_seqwellE10_G10150_P3G06,P3_Foc_B1_seqwellE10_G10150_P3G06,,,,CGAGGCTG,,GGAGTTCC,VLTE_B1_WGS,SUB09146,milo.s.johnson.13@gmail.com,genomic
P3_Foc_B1_seqwellF10_G10150_P3E02,P3_Foc_B1_seqwellF10_G10150_P3E02,,,,CGAGGCTG,,CATGGCCA,VLTE_B1_WGS,SUB09146,milo.s.johnson.13@gmail.com,genomic
P3_Foc_B1_seqwellG10_G10150_P3B11,P3_Foc_B1_seqwellG10_G10150_P3B11,,,,CGAGGCTG,,AATCTCTC,VLTE_B1_WGS,SUB09146,milo.s.johnson.13@gmail.com,genomic
P3_Foc_B1_seqwellH10_G10150_P3C11,P3_Foc_B1_seqwellH10_G10150_P3C11,,,,CGAGGCTG,,TAACCGCG,VLTE_B1_WGS,SUB09146,milo.s.johnson.13@gmail.com,genomic
P3_Foc_B1_seqwellA11_G10150_P3D11,P3_Foc_B1_seqwellA11_G10150_P3D11,,,,AAGAGGCA,,GAGTAGCC,VLTE_B1_WGS,SUB09146,milo.s.johnson.13@gmail.com,genomic
P3_Foc_B1_seqwellB11_G10150_P3E11,P3_Foc_B1_seqwellB11_G10150_P3E11,,,,AAGAGGCA,,GTCTGAGG,VLTE_B1_WGS,SUB09146,milo.s.johnson.13@gmail.com,genomic
P3_Foc_B1_seqwellC11_G10150_P3F11,P3_Foc_B1_seqwellC11_G10150_P3F11,,,,AAGAGGCA,,CGTAAGGA,VLTE_B1_WGS,SUB09146,milo.s.johnson.13@gmail.com,genomic
P3_Foc_B1_seqwellD11_G10150_P3G11,P3_Foc_B1_seqwellD11_G10150_P3G11,,,,AAGAGGCA,,CCACGCGT,VLTE_B1_WGS,SUB09146,milo.s.johnson.13@gmail.com,genomic
P3_Foc_B1_seqwellE11_G10150_P3F07,P3_Foc_B1_seqwellE11_G10150_P3F07,,,,AAGAGGCA,,GGAGTTCC,VLTE_B1_WGS,SUB09146,milo.s.johnson.13@gmail.com,genomic
P3_Foc_B1_seqwellF11_G10150_P3F09,P3_Foc_B1_seqwellF11_G10150_P3F09,,,,AAGAGGCA,,CATGGCCA,VLTE_B1_WGS,SUB09146,milo.s.johnson.13@gmail.com,genomic
P3_Foc_B1_seqwellG11_G10150_P3G09,P3_Foc_B1_seqwellG11_G10150_P3G09,,,,AAGAGGCA,,AATCTCTC,VLTE_B1_WGS,SUB09146,milo.s.johnson.13@gmail.com,genomic
P3_Foc_B1_seqwellH11_G10150_P3B10,P3_Foc_B1_seqwellH11_G10150_P3B10,,,,AAGAGGCA,,TAACCGCG,VLTE_B1_WGS,SUB09146,milo.s.johnson.13@gmail.com,genomic
P3_Foc_B1_seqwellA12_G10150_P3D10,P3_Foc_B1_seqwellA12_G10150_P3D10,,,,GTAGAGGA,,GAGTAGCC,VLTE_B1_WGS,SUB09146,milo.s.johnson.13@gmail.com,genomic
P3_Foc_B1_seqwellB12_G10150_P3B08,P3_Foc_B1_seqwellB12_G10150_P3B08,,,,GTAGAGGA,,GTCTGAGG,VLTE_B1_WGS,SUB09146,milo.s.johnson.13@gmail.com,genomic
P3_Foc_B1_seqwellC12_G10150_P3C07,P3_Foc_B1_seqwellC12_G10150_P3C07,,,,GTAGAGGA,,CGTAAGGA,VLTE_B1_WGS,SUB09146,milo.s.johnson.13@gmail.com,genomic
P3_Foc_B1_seqwellD12_G10150_P3B07,P3_Foc_B1_seqwellD12_G10150_P3B07,,,,GTAGAGGA,,CCACGCGT,VLTE_B1_WGS,SUB09146,milo.s.johnson.13@gmail.com,genomic
P3_Foc_B1_seqwellE12_G10150_P3E08,P3_Foc_B1_seqwellE12_G10150_P3E08,,,,GTAGAGGA,,GGAGTTCC,VLTE_B1_WGS,SUB09146,milo.s.johnson.13@gmail.com,genomic
P3_Foc_B1_seqwellF12_G10150_P3G10,P3_Foc_B1_seqwellF12_G10150_P3G10,,,,GTAGAGGA,,CATGGCCA,VLTE_B1_WGS,SUB09146,milo.s.johnson.13@gmail.com,genomic
P3_Foc_B1_seqwellG12_G10150_P3C10,P3_Foc_B1_seqwellG12_G10150_P3C10,,,,GTAGAGGA,,AATCTCTC,VLTE_B1_WGS,SUB09146,milo.s.johnson.13@gmail.com,genomic
P3_Foc_B1_seqwellH12_G10150_P3D09,P3_Foc_B1_seqwellH12_G10150_P3D09,,,,GTAGAGGA,,TAACCGCG,VLTE_B1_WGS,SUB09146,milo.s.johnson.13@gmail.com,genomic
P2_Foc_B1_seqwellB01_G1410_P2G05,P2_Foc_B1_seqwellB01_G1410_P2G05,,,,ATTGTAAT,,GTCTGAGG,VLTE_B1_WGS,SUB09146,milo.s.johnson.13@gmail.com,genomic
P2_Foc_B1_seqwellC01_G1410_P2C02,P2_Foc_B1_seqwellC01_G1410_P2C02,,,,ATTGTAAT,,CGTAAGGA,VLTE_B1_WGS,SUB09146,milo.s.johnson.13@gmail.com,genomic
P2_Foc_B1_seqwellD01_G1410_P2G04,P2_Foc_B1_seqwellD01_G1410_P2G04,,,,ATTGTAAT,,CCACGCGT,VLTE_B1_WGS,SUB09146,milo.s.johnson.13@gmail.com,genomic
P2_Foc_B1_seqwellE01_G1410_P2B05,P2_Foc_B1_seqwellE01_G1410_P2B05,,,,ATTGTAAT,,GGAGTTCC,VLTE_B1_WGS,SUB09146,milo.s.johnson.13@gmail.com,genomic
P2_Foc_B1_seqwellF01_G1410_P2D03,P2_Foc_B1_seqwellF01_G1410_P2D03,,,,ATTGTAAT,,CATGGCCA,VLTE_B1_WGS,SUB09146,milo.s.johnson.13@gmail.com,genomic
P2_Foc_B1_seqwellG01_G1410_P2F02,P2_Foc_B1_seqwellG01_G1410_P2F02,,,,ATTGTAAT,,AATCTCTC,VLTE_B1_WGS,SUB09146,milo.s.johnson.13@gmail.com,genomic
P2_Foc_B1_seqwellA02_G1410_P2E06,P2_Foc_B1_seqwellA02_G1410_P2E06,,,,GATCATTC,,GAGTAGCC,VLTE_B1_WGS,SUB09146,milo.s.johnson.13@gmail.com,genomic
P2_Foc_B1_seqwellB02_G1410_P2C05,P2_Foc_B1_seqwellB02_G1410_P2C05,,,,GATCATTC,,GTCTGAGG,VLTE_B1_WGS,SUB09146,milo.s.johnson.13@gmail.com,genomic
P2_Foc_B1_seqwellC02_G1410_P2C04,P2_Foc_B1_seqwellC02_G1410_P2C04,,,,GATCATTC,,CGTAAGGA,VLTE_B1_WGS,SUB09146,milo.s.johnson.13@gmail.com,genomic
P2_Foc_B1_seqwellD02_G1410_P2D06,P2_Foc_B1_seqwellD02_G1410_P2D06,,,,GATCATTC,,CCACGCGT,VLTE_B1_WGS,SUB09146,milo.s.johnson.13@gmail.com,genomic
P2_Foc_B1_seqwellE02_G1410_P2C06,P2_Foc_B1_seqwellE02_G1410_P2C06,,,,GATCATTC,,GGAGTTCC,VLTE_B1_WGS,SUB09146,milo.s.johnson.13@gmail.com,genomic
P2_Foc_B1_seqwellF02_G1410_P2B04,P2_Foc_B1_seqwellF02_G1410_P2B04,,,,GATCATTC,,CATGGCCA,VLTE_B1_WGS,SUB09146,milo.s.johnson.13@gmail.com,genomic
P2_Foc_B1_seqwellG02_G1410_P2B11,P2_Foc_B1_seqwellG02_G1410_P2B11,,,,GATCATTC,,AATCTCTC,VLTE_B1_WGS,SUB09146,milo.s.johnson.13@gmail.com,genomic
P2_Foc_B1_seqwellH02_G1410_P2C11,P2_Foc_B1_seqwellH02_G1410_P2C11,,,,GATCATTC,,TAACCGCG,VLTE_B1_WGS,SUB09146,milo.s.johnson.13@gmail.com,genomic
P2_Foc_B1_seqwellA03_G1410_P2D11,P2_Foc_B1_seqwellA03_G1410_P2D11,,,,ACCGATCG,,GAGTAGCC,VLTE_B1_WGS,SUB09146,milo.s.johnson.13@gmail.com,genomic
P2_Foc_B1_seqwellB03_G1410_P2E11,P2_Foc_B1_seqwellB03_G1410_P2E11,,,,ACCGATCG,,GTCTGAGG,VLTE_B1_WGS,SUB09146,milo.s.johnson.13@gmail.com,genomic
P2_Foc_B1_seqwellC03_G1410_P2F11,P2_Foc_B1_seqwellC03_G1410_P2F11,,,,ACCGATCG,,CGTAAGGA,VLTE_B1_WGS,SUB09146,milo.s.johnson.13@gmail.com,genomic
P2_Foc_B1_seqwellD03_G1410_P2G11,P2_Foc_B1_seqwellD03_G1410_P2G11,,,,ACCGATCG,,CCACGCGT,VLTE_B1_WGS,SUB09146,milo.s.johnson.13@gmail.com,genomic
P2_Foc_B1_seqwellE03_G1410_P2G09,P2_Foc_B1_seqwellE03_G1410_P2G09,,,,ACCGATCG,,GGAGTTCC,VLTE_B1_WGS,SUB09146,milo.s.johnson.13@gmail.com,genomic
P2_Foc_B1_seqwellF03_G1410_P2C10,P2_Foc_B1_seqwellF03_G1410_P2C10,,,,ACCGATCG,,CATGGCCA,VLTE_B1_WGS,SUB09146,milo.s.johnson.13@gmail.com,genomic
P2_Foc_B1_seqwellG03_G1410_P2D08,P2_Foc_B1_seqwellG03_G1410_P2D08,,,,ACCGATCG,,AATCTCTC,VLTE_B1_WGS,SUB09146,milo.s.johnson.13@gmail.com,genomic
P2_Foc_B1_seqwellH03_G1410_P2F09,P2_Foc_B1_seqwellH03_G1410_P2F09,,,,ACCGATCG,,TAACCGCG,VLTE_B1_WGS,SUB09146,milo.s.johnson.13@gmail.com,genomic
P2_Foc_B1_seqwellA04_G1410_P2B09,P2_Foc_B1_seqwellA04_G1410_P2B09,,,,CCGTTATT,,GAGTAGCC,VLTE_B1_WGS,SUB09146,milo.s.johnson.13@gmail.com,genomic
P2_Foc_B1_seqwellB04_G1410_P2E08,P2_Foc_B1_seqwellB04_G1410_P2E08,,,,CCGTTATT,,GTCTGAGG,VLTE_B1_WGS,SUB09146,milo.s.johnson.13@gmail.com,genomic
P2_Foc_B1_seqwellC04_G1410_P2B08,P2_Foc_B1_seqwellC04_G1410_P2B08,,,,CCGTTATT,,CGTAAGGA,VLTE_B1_WGS,SUB09146,milo.s.johnson.13@gmail.com,genomic
P2_Foc_B1_seqwellD04_G1410_P2B10,P2_Foc_B1_seqwellD04_G1410_P2B10,,,,CCGTTATT,,CCACGCGT,VLTE_B1_WGS,SUB09146,milo.s.johnson.13@gmail.com,genomic
P2_Foc_B1_seqwellE04_G1410_P2G10,P2_Foc_B1_seqwellE04_G1410_P2G10,,,,CCGTTATT,,GGAGTTCC,VLTE_B1_WGS,SUB09146,milo.s.johnson.13@gmail.com,genomic
P2_Foc_B1_seqwellF04_G1410_P2B07,P2_Foc_B1_seqwellF04_G1410_P2B07,,,,CCGTTATT,,CATGGCCA,VLTE_B1_WGS,SUB09146,milo.s.johnson.13@gmail.com,genomic
P2_Foc_B1_seqwellG04_G1410_P2F07,P2_Foc_B1_seqwellG04_G1410_P2F07,,,,CCGTTATT,,AATCTCTC,VLTE_B1_WGS,SUB09146,milo.s.johnson.13@gmail.com,genomic
P2_Foc_B1_seqwellH04_G1410_P2G08,P2_Foc_B1_seqwellH04_G1410_P2G08,,,,CCGTTATT,,TAACCGCG,VLTE_B1_WGS,SUB09146,milo.s.johnson.13@gmail.com,genomic
P2_Foc_B1_seqwellB05_G5150_P2G05,P2_Foc_B1_seqwellB05_G5150_P2G05,,,,TTCTTCTA,,GTCTGAGG,VLTE_B1_WGS,SUB09146,milo.s.johnson.13@gmail.com,genomic
P2_Foc_B1_seqwellC05_G5150_P2C02,P2_Foc_B1_seqwellC05_G5150_P2C02,,,,TTCTTCTA,,CGTAAGGA,VLTE_B1_WGS,SUB09146,milo.s.johnson.13@gmail.com,genomic
P2_Foc_B1_seqwellD05_G5150_P2G04,P2_Foc_B1_seqwellD05_G5150_P2G04,,,,TTCTTCTA,,CCACGCGT,VLTE_B1_WGS,SUB09146,milo.s.johnson.13@gmail.com,genomic
P2_Foc_B1_seqwellE05_G5150_P2B05,P2_Foc_B1_seqwellE05_G5150_P2B05,,,,TTCTTCTA,,GGAGTTCC,VLTE_B1_WGS,SUB09146,milo.s.johnson.13@gmail.com,genomic
P2_Foc_B1_seqwellF05_G5150_P2D03,P2_Foc_B1_seqwellF05_G5150_P2D03,,,,TTCTTCTA,,CATGGCCA,VLTE_B1_WGS,SUB09146,milo.s.johnson.13@gmail.com,genomic
P2_Foc_B1_seqwellG05_G5150_P2F02,P2_Foc_B1_seqwellG05_G5150_P2F02,,,,TTCTTCTA,,AATCTCTC,VLTE_B1_WGS,SUB09146,milo.s.johnson.13@gmail.com,genomic
P2_Foc_B1_seqwellA06_G5150_P2E06,P2_Foc_B1_seqwellA06_G5150_P2E06,,,,TACCTGAC,,GAGTAGCC,VLTE_B1_WGS,SUB09146,milo.s.johnson.13@gmail.com,genomic
P2_Foc_B1_seqwellB06_G5150_P2C05,P2_Foc_B1_seqwellB06_G5150_P2C05,,,,TACCTGAC,,GTCTGAGG,VLTE_B1_WGS,SUB09146,milo.s.johnson.13@gmail.com,genomic
P2_Foc_B1_seqwellC06_G5150_P2C04,P2_Foc_B1_seqwellC06_G5150_P2C04,,,,TACCTGAC,,CGTAAGGA,VLTE_B1_WGS,SUB09146,milo.s.johnson.13@gmail.com,genomic
P2_Foc_B1_seqwellD06_G5150_P2D06,P2_Foc_B1_seqwellD06_G5150_P2D06,,,,TACCTGAC,,CCACGCGT,VLTE_B1_WGS,SUB09146,milo.s.johnson.13@gmail.com,genomic
P2_Foc_B1_seqwellE06_G5150_P2C06,P2_Foc_B1_seqwellE06_G5150_P2C06,,,,TACCTGAC,,GGAGTTCC,VLTE_B1_WGS,SUB09146,milo.s.johnson.13@gmail.com,genomic
P2_Foc_B1_seqwellF06_G5150_P2B04,P2_Foc_B1_seqwellF06_G5150_P2B04,,,,TACCTGAC,,CATGGCCA,VLTE_B1_WGS,SUB09146,milo.s.johnson.13@gmail.com,genomic
P2_Foc_B1_seqwellG06_G5150_P2B11,P2_Foc_B1_seqwellG06_G5150_P2B11,,,,TACCTGAC,,AATCTCTC,VLTE_B1_WGS,SUB09146,milo.s.johnson.13@gmail.com,genomic
P2_Foc_B1_seqwellH06_G5150_P2C11,P2_Foc_B1_seqwellH06_G5150_P2C11,,,,TACCTGAC,,TAACCGCG,VLTE_B1_WGS,SUB09146,milo.s.johnson.13@gmail.com,genomic
P2_Foc_B1_seqwellA07_G5150_P2D11,P2_Foc_B1_seqwellA07_G5150_P2D11,,,,AGGACCGC,,GAGTAGCC,VLTE_B1_WGS,SUB09146,milo.s.johnson.13@gmail.com,genomic
P2_Foc_B1_seqwellB07_G5150_P2E11,P2_Foc_B1_seqwellB07_G5150_P2E11,,,,AGGACCGC,,GTCTGAGG,VLTE_B1_WGS,SUB09146,milo.s.johnson.13@gmail.com,genomic
P2_Foc_B1_seqwellC07_G5150_P2F11,P2_Foc_B1_seqwellC07_G5150_P2F11,,,,AGGACCGC,,CGTAAGGA,VLTE_B1_WGS,SUB09146,milo.s.johnson.13@gmail.com,genomic
P2_Foc_B1_seqwellD07_G5150_P2G11,P2_Foc_B1_seqwellD07_G5150_P2G11,,,,AGGACCGC,,CCACGCGT,VLTE_B1_WGS,SUB09146,milo.s.johnson.13@gmail.com,genomic
P2_Foc_B1_seqwellE07_G5150_P2G09,P2_Foc_B1_seqwellE07_G5150_P2G09,,,,AGGACCGC,,GGAGTTCC,VLTE_B1_WGS,SUB09146,milo.s.johnson.13@gmail.com,genomic
P2_Foc_B1_seqwellF07_G5150_P2C10,P2_Foc_B1_seqwellF07_G5150_P2C10,,,,AGGACCGC,,CATGGCCA,VLTE_B1_WGS,SUB09146,milo.s.johnson.13@gmail.com,genomic
P2_Foc_B1_seqwellG07_G5150_P2D08,P2_Foc_B1_seqwellG07_G5150_P2D08,,,,AGGACCGC,,AATCTCTC,VLTE_B1_WGS,SUB09146,milo.s.johnson.13@gmail.com,genomic
P2_Foc_B1_seqwellH07_G5150_P2F09,P2_Foc_B1_seqwellH07_G5150_P2F09,,,,AGGACCGC,,TAACCGCG,VLTE_B1_WGS,SUB09146,milo.s.johnson.13@gmail.com,genomic
P2_Foc_B1_seqwellA08_G5150_P2B09,P2_Foc_B1_seqwellA08_G5150_P2B09,,,,GTCCGATT,,GAGTAGCC,VLTE_B1_WGS,SUB09146,milo.s.johnson.13@gmail.com,genomic
P2_Foc_B1_seqwellB08_G5150_P2E08,P2_Foc_B1_seqwellB08_G5150_P2E08,,,,GTCCGATT,,GTCTGAGG,VLTE_B1_WGS,SUB09146,milo.s.johnson.13@gmail.com,genomic
P2_Foc_B1_seqwellC08_G5150_P2B08,P2_Foc_B1_seqwellC08_G5150_P2B08,,,,GTCCGATT,,CGTAAGGA,VLTE_B1_WGS,SUB09146,milo.s.johnson.13@gmail.com,genomic
P2_Foc_B1_seqwellD08_G5150_P2B10,P2_Foc_B1_seqwellD08_G5150_P2B10,,,,GTCCGATT,,CCACGCGT,VLTE_B1_WGS,SUB09146,milo.s.johnson.13@gmail.com,genomic
P2_Foc_B1_seqwellE08_G5150_P2G10,P2_Foc_B1_seqwellE08_G5150_P2G10,,,,GTCCGATT,,GGAGTTCC,VLTE_B1_WGS,SUB09146,milo.s.johnson.13@gmail.com,genomic
P2_Foc_B1_seqwellF08_G5150_P2B07,P2_Foc_B1_seqwellF08_G5150_P2B07,,,,GTCCGATT,,CATGGCCA,VLTE_B1_WGS,SUB09146,milo.s.johnson.13@gmail.com,genomic
P2_Foc_B1_seqwellG08_G5150_P2F07,P2_Foc_B1_seqwellG08_G5150_P2F07,,,,GTCCGATT,,AATCTCTC,VLTE_B1_WGS,SUB09146,milo.s.johnson.13@gmail.com,genomic
P2_Foc_B1_seqwellH08_G5150_P2G08,P2_Foc_B1_seqwellH08_G5150_P2G08,,,,GTCCGATT,,TAACCGCG,VLTE_B1_WGS,SUB09146,milo.s.johnson.13@gmail.com,genomic
P2_Foc_B1_seqwellB09_G10150_P2G05,P2_Foc_B1_seqwellB09_G10150_P2G05,,,,CACGAGTT,,GTCTGAGG,VLTE_B1_WGS,SUB09146,milo.s.johnson.13@gmail.com,genomic
P2_Foc_B1_seqwellC09_G10150_P2C02,P2_Foc_B1_seqwellC09_G10150_P2C02,,,,CACGAGTT,,CGTAAGGA,VLTE_B1_WGS,SUB09146,milo.s.johnson.13@gmail.com,genomic
P2_Foc_B1_seqwellD09_G10150_P2G04,P2_Foc_B1_seqwellD09_G10150_P2G04,,,,CACGAGTT,,CCACGCGT,VLTE_B1_WGS,SUB09146,milo.s.johnson.13@gmail.com,genomic
P2_Foc_B1_seqwellE09_G10150_P2B05,P2_Foc_B1_seqwellE09_G10150_P2B05,,,,CACGAGTT,,GGAGTTCC,VLTE_B1_WGS,SUB09146,milo.s.johnson.13@gmail.com,genomic
P2_Foc_B1_seqwellF09_G10150_P2D03,P2_Foc_B1_seqwellF09_G10150_P2D03,,,,CACGAGTT,,CATGGCCA,VLTE_B1_WGS,SUB09146,milo.s.johnson.13@gmail.com,genomic
P2_Foc_B1_seqwellG09_G10150_P2F02,P2_Foc_B1_seqwellG09_G10150_P2F02,,,,CACGAGTT,,AATCTCTC,VLTE_B1_WGS,SUB09146,milo.s.johnson.13@gmail.com,genomic
P2_Foc_B1_seqwellA10_G10150_P2E06,P2_Foc_B1_seqwellA10_G10150_P2E06,,,,CCACGGCC,,GAGTAGCC,VLTE_B1_WGS,SUB09146,milo.s.johnson.13@gmail.com,genomic
P2_Foc_B1_seqwellB10_G10150_P2C05,P2_Foc_B1_seqwellB10_G10150_P2C05,,,,CCACGGCC,,GTCTGAGG,VLTE_B1_WGS,SUB09146,milo.s.johnson.13@gmail.com,genomic
P2_Foc_B1_seqwellC10_G10150_P2C04,P2_Foc_B1_seqwellC10_G10150_P2C04,,,,CCACGGCC,,CGTAAGGA,VLTE_B1_WGS,SUB09146,milo.s.johnson.13@gmail.com,genomic
P2_Foc_B1_seqwellD10_G10150_P2D06,P2_Foc_B1_seqwellD10_G10150_P2D06,,,,CCACGGCC,,CCACGCGT,VLTE_B1_WGS,SUB09146,milo.s.johnson.13@gmail.com,genomic
P2_Foc_B1_seqwellE10_G10150_P2C06,P2_Foc_B1_seqwellE10_G10150_P2C06,,,,CCACGGCC,,GGAGTTCC,VLTE_B1_WGS,SUB09146,milo.s.johnson.13@gmail.com,genomic
P2_Foc_B1_seqwellF10_G10150_P2B04,P2_Foc_B1_seqwellF10_G10150_P2B04,,,,CCACGGCC,,CATGGCCA,VLTE_B1_WGS,SUB09146,milo.s.johnson.13@gmail.com,genomic
P2_Foc_B1_seqwellG10_G10150_P2B11,P2_Foc_B1_seqwellG10_G10150_P2B11,,,,CCACGGCC,,AATCTCTC,VLTE_B1_WGS,SUB09146,milo.s.johnson.13@gmail.com,genomic
P2_Foc_B1_seqwellH10_G10150_P2C11,P2_Foc_B1_seqwellH10_G10150_P2C11,,,,CCACGGCC,,TAACCGCG,VLTE_B1_WGS,SUB09146,milo.s.johnson.13@gmail.com,genomic
P2_Foc_B1_seqwellA11_G10150_P2D11,P2_Foc_B1_seqwellA11_G10150_P2D11,,,,ACATGTAA,,GAGTAGCC,VLTE_B1_WGS,SUB09146,milo.s.johnson.13@gmail.com,genomic
P2_Foc_B1_seqwellB11_G10150_P2E11,P2_Foc_B1_seqwellB11_G10150_P2E11,,,,ACATGTAA,,GTCTGAGG,VLTE_B1_WGS,SUB09146,milo.s.johnson.13@gmail.com,genomic
P2_Foc_B1_seqwellC11_G10150_P2F11,P2_Foc_B1_seqwellC11_G10150_P2F11,,,,ACATGTAA,,CGTAAGGA,VLTE_B1_WGS,SUB09146,milo.s.johnson.13@gmail.com,genomic
P2_Foc_B1_seqwellD11_G10150_P2G11,P2_Foc_B1_seqwellD11_G10150_P2G11,,,,ACATGTAA,,CCACGCGT,VLTE_B1_WGS,SUB09146,milo.s.johnson.13@gmail.com,genomic
P2_Foc_B1_seqwellE11_G10150_P2G09,P2_Foc_B1_seqwellE11_G10150_P2G09,,,,ACATGTAA,,GGAGTTCC,VLTE_B1_WGS,SUB09146,milo.s.johnson.13@gmail.com,genomic
P2_Foc_B1_seqwellF11_G10150_P2C10,P2_Foc_B1_seqwellF11_G10150_P2C10,,,,ACATGTAA,,CATGGCCA,VLTE_B1_WGS,SUB09146,milo.s.johnson.13@gmail.com,genomic
P2_Foc_B1_seqwellG11_G10150_P2D08,P2_Foc_B1_seqwellG11_G10150_P2D08,,,,ACATGTAA,,AATCTCTC,VLTE_B1_WGS,SUB09146,milo.s.johnson.13@gmail.com,genomic
P2_Foc_B1_seqwellH11_G10150_P2F09,P2_Foc_B1_seqwellH11_G10150_P2F09,,,,ACATGTAA,,TAACCGCG,VLTE_B1_WGS,SUB09146,milo.s.johnson.13@gmail.com,genomic
P2_Foc_B1_seqwellA12_G10150_P2B09,P2_Foc_B1_seqwellA12_G10150_P2B09,,,,TGTTAACT,,GAGTAGCC,VLTE_B1_WGS,SUB09146,milo.s.johnson.13@gmail.com,genomic
P2_Foc_B1_seqwellB12_G10150_P2E08,P2_Foc_B1_seqwellB12_G10150_P2E08,,,,TGTTAACT,,GTCTGAGG,VLTE_B1_WGS,SUB09146,milo.s.johnson.13@gmail.com,genomic
P2_Foc_B1_seqwellC12_G10150_P2B08,P2_Foc_B1_seqwellC12_G10150_P2B08,,,,TGTTAACT,,CGTAAGGA,VLTE_B1_WGS,SUB09146,milo.s.johnson.13@gmail.com,genomic
P2_Foc_B1_seqwellD12_G10150_P2B10,P2_Foc_B1_seqwellD12_G10150_P2B10,,,,TGTTAACT,,CCACGCGT,VLTE_B1_WGS,SUB09146,milo.s.johnson.13@gmail.com,genomic
P2_Foc_B1_seqwellE12_G10150_P2G10,P2_Foc_B1_seqwellE12_G10150_P2G10,,,,TGTTAACT,,GGAGTTCC,VLTE_B1_WGS,SUB09146,milo.s.johnson.13@gmail.com,genomic
P2_Foc_B1_seqwellF12_G10150_P2B07,P2_Foc_B1_seqwellF12_G10150_P2B07,,,,TGTTAACT,,CATGGCCA,VLTE_B1_WGS,SUB09146,milo.s.johnson.13@gmail.com,genomic
P2_Foc_B1_seqwellG12_G10150_P2F07,P2_Foc_B1_seqwellG12_G10150_P2F07,,,,TGTTAACT,,AATCTCTC,VLTE_B1_WGS,SUB09146,milo.s.johnson.13@gmail.com,genomic
P2_Foc_B1_seqwellH12_G10150_P2G08,P2_Foc_B1_seqwellH12_G10150_P2G08,,,,TGTTAACT,,TAACCGCG,VLTE_B1_WGS,SUB09146,milo.s.johnson.13@gmail.com,genomic
